UNIT_START,ID,CLOCK_START,BYTES_START,UNIT_END,ID2,CLOCK_END,BYTES_END
2921877326,0,2026,32,2921900824,0,2033,8000
2927794386,1,3627,32,2927813814,1,3633,8000
2933634800,2,5208,32,2933649530,2,5212,8000
2939501140,3,6795,32,2939515254,3,6799,8000
2945257866,4,8352,32,2945271828,4,8356,8000
2951056548,5,9921,32,2951070696,5,9925,8000
2957265130,6,11601,32,2957285250,6,11607,8000
2963278894,7,13228,32,2963296976,7,13233,8000
2973408912,8,15969,32,2973432480,8,15975,8000
2984512704,9,18973,32,2984535662,9,18979,8000
2995494342,10,21944,32,2995517344,10,21951,8000
3003114624,11,24006,32,3003131954,11,24011,8000
3008957276,12,25587,32,3008971054,12,25591,8000
3014810716,13,27171,32,3014824950,13,27175,8032
3020818894,14,28796,32,3020834556,14,28801,8000
3027350800,15,30564,32,3027372616,15,30570,8000
3033230546,16,32154,32,3033245134,16,32159,8000
3039032056,17,33724,32,3039046158,17,33728,8000
3044903550,18,35313,32,3044917908,18,35317,8000
3048972500,19,36414,32,3048981708,19,36417,8000
3052848546,20,37463,32,3052857714,20,37465,8000
3056764386,21,38522,32,3056773762,21,38525,8000
3060659212,22,39576,32,3060668594,22,39579,8000
3064370446,23,40580,32,3064377708,23,40582,8000
3067281316,24,41368,32,3067288414,24,41370,8000
3070222484,25,42164,32,3070229466,25,42166,8000
3073331226,26,42997,32,3073342926,26,43000,8000
3078852402,27,44490,32,3078867036,27,44495,8000
3084090344,28,45908,32,3084100050,28,45911,8000
3088709666,29,47158,32,3088718672,29,47160,8000
3093275580,30,48393,32,3093284442,30,48396,8000
3097654890,31,49577,32,3097663986,31,49581,8000
3101935484,32,50736,32,3101943446,32,50739,8000
3105680576,33,51749,32,3105688544,33,51752,8000
3109480062,34,52778,32,3109487330,34,52780,8000
3113278794,35,53805,32,3113285870,35,53807,8000
3117126596,36,54846,32,3117133954,36,54848,8000
3120723792,37,55820,32,3120729854,37,55821,8000
3123863512,38,56669,32,3123870232,38,56671,8000
3127051372,39,57532,32,3127057582,39,57533,8000
3129778032,40,58269,32,3129783284,40,58271,8000
3131458984,41,58724,32,3131463138,41,58726,8000
3133127796,42,59176,32,3133131800,42,59177,8000
3134811750,43,59631,32,3134815902,43,59633,8000
3136493448,44,60086,32,3136497520,44,60088,8000
3138182170,45,60543,32,3138185956,45,60544,8000
3139760046,46,60970,32,3139764960,46,60972,8000
3141235398,47,61369,32,3141238880,47,61371,8000
3142708282,48,61768,32,3142712116,48,61769,8000
3144234980,49,62181,32,3144238726,49,62182,8000
3145720016,50,62583,32,3145723688,50,62584,8000
3147216954,51,62988,32,3147221448,51,62989,8000
3148714600,52,63393,32,3148719032,52,63394,8000
3150222542,53,63801,32,3150226422,53,63802,8000
1809368336,0,1019,32,1809377826,0,1021,8000
1811728130,1,1657,32,1811734180,1,1659,8000
1814211042,2,2329,32,1814216354,2,2331,8000
1816675670,3,2996,32,1816680598,3,2997,8000
1819174912,4,3672,32,1819179750,4,3673,8000
1821687782,5,4352,32,1821692552,5,4353,8000
1824012566,6,4981,32,1824017320,6,4982,8000
1826429014,7,5635,32,1826433656,7,5636,8032
1828829630,8,6284,32,1828834464,8,6286,8000
1831200892,9,6926,32,1831206536,9,6927,8000
1833686494,10,7598,32,1833691436,10,7600,8000
1836196328,11,8277,32,1836201122,11,8279,8000
1838594004,12,8926,32,1838598984,12,8928,8000
1840990254,13,9575,32,1840995220,13,9576,8000
1843462708,14,10243,32,1843467732,14,10245,8000
1845950492,15,10917,32,1845955830,15,10918,8000
1848519210,16,11611,32,1848524852,16,11613,8000
1850920778,17,12261,32,1850926454,17,12263,8000
1853244088,18,12890,32,1853249062,18,12891,8000
1855641462,19,13539,32,1855647480,19,13540,8000
1858092344,20,14202,32,1858097614,20,14203,8000
1860567542,21,14871,32,1860573028,21,14873,8000
1863063258,22,15547,32,1863068108,22,15548,8000
1865578808,23,16227,32,1865583354,23,16229,8000
1868050090,24,16896,32,1868054598,24,16897,8000
1870401034,25,17532,32,1870406246,25,17533,8000
1872806576,26,18183,32,1872812230,26,18184,8000
1875159080,27,18819,32,1875163884,27,18821,8000
1877535744,28,19462,32,1877540568,28,19464,8000
1880046342,29,20142,32,1880051302,29,20143,8000
1882463976,30,20795,32,1882468722,30,20797,8000
1884859140,31,21444,32,1884864224,31,21445,8000
1887353802,32,22119,32,1887358698,32,22120,8000
1889815472,33,22785,32,1889820024,33,22786,8000
1892236658,34,23440,32,1892241416,34,23441,8000
1894698824,35,24106,32,1894703754,35,24107,8000
1897134080,36,24765,32,1897139240,36,24766,8000
1899562220,37,25422,32,1899567094,37,25423,8000
1902044978,38,26094,32,1902050116,38,26095,8000
1904574394,39,26778,32,1904580134,39,26780,8000
1907052016,40,27448,32,1907057700,40,27450,8000
1909566732,41,28129,32,1909571432,41,28130,8000
1911974066,42,28780,32,1911978384,42,28781,8000
1914303424,43,29410,32,1914308158,43,29412,8032
1916628872,44,30039,32,1916633954,44,30041,8000
1919084726,45,30704,32,1919089580,45,30705,8000
1921474048,46,31350,32,1921478754,46,31352,8000
1923959128,47,32023,32,1923963782,47,32024,8000
1926410796,48,32686,32,1926415932,48,32688,8032
1928839864,49,33343,32,1928845208,49,33345,8032
1931285662,50,34005,32,1931290572,50,34006,8000
1933766244,51,34676,32,1933771272,51,34678,8000
1936240982,52,35346,32,1936245630,52,35347,8000
1938725706,53,36018,32,1938730336,53,36019,8000
1941086224,54,36657,32,1941091532,54,36658,8000
1943482320,55,37305,32,1943487000,55,37306,8000
1597853368,0,1994,32,1597876442,0,2001,8000
1603534128,1,3531,32,1603549846,1,3536,8000
1609520822,2,5151,32,1609535264,2,5155,8000
1615341780,3,6726,32,1615355930,3,6730,8000
1621210370,4,8314,32,1621223746,4,8318,8000
1627049084,5,9894,32,1627062980,5,9898,8000
1633157072,6,11546,32,1633175956,6,11552,8000
1639183342,7,13176,32,1639198888,7,13181,8000
1649425984,8,15948,32,1649449322,8,15954,8000
1660465340,9,18935,32,1660487276,9,18941,8000
1671499076,10,21920,32,1671520980,10,21926,8000
1679047494,11,23962,32,1679063916,11,23967,8000
1684989098,12,25570,32,1685003770,12,25574,8000
1690792656,13,27140,32,1690806388,13,27144,8000
1696637736,14,28722,32,1696651098,14,28726,8000
1703120616,15,30475,32,1703140620,15,30481,8000
1708985770,16,32063,32,1709000356,16,32067,8000
1714877524,17,33657,32,1714891708,17,33661,8000
1719835618,18,34999,32,1719844818,18,35001,8000
1723698160,19,36044,32,1723707388,19,36046,8000
1727611146,20,37102,32,1727620318,20,37105,8000
1731501640,21,38155,32,1731510788,21,38158,8000
1735418704,22,39215,32,1735427746,22,39217,8000
1738627386,23,40083,32,1738634004,23,40085,8000
1741564030,24,40878,32,1741570908,24,40880,8000
1744501332,25,41672,32,1744507926,25,41674,8000
1747414104,26,42460,32,1747420754,26,42462,8000
1750335302,27,43251,32,1750341984,27,43253,8000
1753406136,28,44074,32,1753413578,28,44076,8000
1756115790,29,44807,32,1756121790,29,44809,8000
1758549302,30,45466,32,1758558666,30,45468,8000
1760902334,31,46102,32,1760907732,31,46104,8000
1763262378,32,46741,32,1763268520,32,46743,8000
1765609528,33,47376,32,1765615980,33,47378,8000
1768091076,34,48047,32,1768099140,34,48050,8000
1770504192,35,48700,32,1770510094,35,48702,8000
1772871208,36,49341,32,1772878486,36,49343,8000
1774974382,37,49910,32,1774979082,37,49911,8000
1776939032,38,50441,32,1776943488,38,50443,8000
1778910074,39,50975,32,1778914746,39,50976,8000
1780871206,40,51505,32,1780876242,40,51507,8000
1782836098,41,52037,32,1782841254,41,52038,8000
1784859390,42,52584,32,1784865100,42,52586,8000
1786836146,43,53119,32,1786841268,43,53121,8000
1788832784,44,53659,32,1788839028,44,53661,8000
1790825310,45,54199,32,1790830310,45,54200,8000
1792802916,46,54733,32,1792811290,46,54736,8000
1794512664,47,55196,32,1794516770,47,55197,8000
1796207600,48,55655,32,1796211456,48,55656,8000
1797893814,49,56111,32,1797897904,49,56112,8000
1799635470,50,56582,32,1799639528,50,56584,8000
1801331938,51,57041,32,1801335920,51,57043,8000
1803026348,52,57500,32,1803030946,52,57501,8000
1804704932,53,57954,32,1804708772,53,57955,8000
1806404652,54,58414,32,1806409448,54,58415,8000
1206840536,0,1045,32,1206847566,0,1047,8000
1208276872,1,1434,32,1208281264,1,1435,8000
1209758870,2,1835,32,1209763394,2,1836,8000
1211234606,3,2234,32,1211238796,3,2235,8000
1212603910,4,2604,32,1212607060,4,2605,8000
1213919054,5,2960,32,1213921956,5,2961,8000
1215318880,6,3339,32,1215322590,6,3340,8000
1216652180,7,3700,32,1216655148,7,3701,8000
1217966600,8,4055,32,1217969640,8,4056,8000
1219290178,9,4414,32,1219293692,9,4415,8000
1220632560,10,4777,32,1220636590,10,4778,8000
1221951732,11,5134,32,1221954946,11,5135,8000
1223289502,12,5495,32,1223292472,12,5496,8000
1224635716,13,5860,32,1224640926,13,5861,8000
1225945464,14,6214,32,1225948776,14,6215,8000
1227266404,15,6571,32,1227269466,15,6572,8000
1228600352,16,6932,32,1228604292,16,6934,8000
1230059216,17,7327,32,1230063386,17,7328,8000
1231371350,18,7682,32,1231375000,18,7683,8000
1232656972,19,8030,32,1232660422,19,8031,8000
1233979298,20,8388,32,1233984258,20,8389,8000
1235293724,21,8743,32,1235297062,21,8744,8000
1236585362,22,9093,32,1236589644,22,9094,8000
1237874734,23,9442,32,1237878410,23,9443,8000
1239163040,24,9790,32,1239166230,24,9791,8000
1240453896,25,10140,32,1240457452,25,10141,8000
1241761856,26,10493,32,1241765414,26,10495,8000
1243042102,27,10840,32,1243045008,27,10841,8000
1244572834,28,11253,32,1244584022,28,11257,8000
1245958608,29,11629,32,1245962998,29,11630,8000
1247310504,30,11994,32,1247319176,30,11997,8000
1249353646,31,12547,32,1249361714,31,12550,8000
1251837032,32,13219,32,1251843366,32,13221,8000
1254290868,33,13883,32,1254296880,33,13885,8000
1256733682,34,14544,32,1256738428,34,14546,8000
1259215976,35,15216,32,1259221188,35,15217,8000
1261661816,36,15878,32,1261666340,36,15879,8000
1264084966,37,16533,32,1264089410,37,16535,8000
1266506536,38,17188,32,1266511612,38,17190,8032
1268919866,39,17841,32,1268924622,39,17843,8000
1271343710,40,18497,32,1271348678,40,18499,8000
1273839376,41,19172,32,1273844064,41,19174,8000
1276265690,42,19829,32,1276270296,42,19830,8000
1278052420,43,20312,32,1278056948,43,20314,8000
1279323352,44,20656,32,1279326536,44,20657,8000
1280611128,45,21005,32,1280614370,45,21006,8000
1281921790,46,21359,32,1281925262,46,21360,8000
1283218540,47,21710,32,1283222562,47,21711,8000
1284513940,48,22061,32,1284517268,48,22062,8000
1285861342,49,22425,32,1285868030,49,22427,8000
1287247338,50,22799,32,1287255800,50,22803,8000
1288700338,51,23193,32,1288706124,51,23195,8000
1290045864,52,23557,32,1290050166,52,23559,8000
1291504886,53,23939,32,1291509400,53,23940,8000
4153216254,0,1329,32,4153228308,0,1333,8000
4156570076,1,2213,32,4156580920,1,2216,8000
4159502638,2,3006,32,4159510480,2,3009,8000
4162399836,3,3790,32,4162407062,3,3792,8000
4165472820,4,4609,32,4165481070,4,4612,8000
4168621428,5,5449,32,4168629754,5,5452,8000
4171972108,6,6346,32,4171980668,6,6348,8000
4175136426,7,7191,32,4175144596,7,7194,8000
4178457148,8,8078,32,4178467490,8,8081,8000
4181374412,9,8867,32,4181381300,9,8869,8000
4184282692,10,9654,32,4184289932,10,9656,8000
4187217316,11,10448,32,4187224742,11,10450,8000
4190249198,12,11268,32,4190260276,12,11272,8000
4193293274,13,12092,32,4193300244,13,12094,8000
4196769592,14,13015,32,4196779250,14,13018,8000
4199705558,15,13810,32,4199712316,15,13812,8000
4202974534,16,14681,32,4202982772,16,14684,8000
4205902526,17,15474,32,4205909448,17,15476,8000
4208821668,18,16263,32,4208828504,18,16265,8000
4211738592,19,17053,32,4211745052,19,17055,8000
4214663950,20,17844,32,4214670572,20,17846,8000
4217608432,21,18641,32,4217615440,21,18643,8000
4220863586,22,19509,32,4220872420,22,19512,8000
4223874384,23,20324,32,4223880726,23,20326,8000
4226428890,24,21005,32,4226435738,24,21007,8000
4228777446,25,21640,32,4228782998,25,21642,8000
4231140710,26,22280,32,4231146298,26,22281,8000
4233469850,27,22910,32,4233475076,27,22912,8000
4235806088,28,23542,32,4235811760,28,23544,8000
4238472324,29,24255,32,4238480190,29,24257,8000
4240820772,30,24890,32,4240826236,30,24892,8000
4243179336,31,25519,32,4243185118,31,25521,8000
4245163134,32,26056,32,4245167840,32,26058,8000
4247294130,33,26633,32,4247301802,33,26635,8000
4249296642,34,27175,32,4249301754,34,27176,8000
4251253288,35,27704,32,4251257900,35,27705,8032
4253220308,36,28236,32,4253224948,36,28238,8000
4255174184,37,28765,32,4255178546,37,28766,8000
4257129984,38,29294,32,4257134576,38,29295,8000
4259083862,39,29823,32,4259088338,39,29824,8000
4261029918,40,30349,32,4261033868,40,30350,8000
4262703958,41,30802,32,4262707746,41,30803,8000
4264375234,42,31254,32,4264379090,42,31256,8000
4266259794,43,31764,32,4266265028,43,31766,8000
4267924532,44,32215,32,4267928494,44,32216,8000
4269590990,45,32666,32,4269594898,45,32667,8000
4271272664,46,33121,32,4271276578,46,33122,8000
4272945984,47,33573,32,4272949822,47,33574,8000
4274632080,48,34030,32,4274635826,48,34031,8000
4276290940,49,34478,32,4276294690,49,34479,8032
4277972226,50,34933,32,4277976106,50,34934,8000
4279615430,51,35378,32,4279618838,51,35379,8000
4281071550,52,35772,32,4281074830,52,35773,8000
4282544464,53,36170,32,4282547770,53,36171,8000
3861145882,0,944,32,3861152328,0,946,8000
3862410656,1,1287,32,3862414492,1,1288,8000
3863704614,2,1637,32,3863707682,2,1638,8000
3865037296,3,1997,32,3865040738,3,1998,8000
3866441638,4,2377,32,3866444918,4,2378,8000
3867862790,5,2762,32,3867866396,5,2763,8000
3869265394,6,3141,32,3869268708,6,3142,8000
3870660236,7,3519,32,3870663402,7,3520,8000
3872166356,8,3920,32,3872170536,8,3921,8000
3873568030,9,4299,32,3873571320,9,4300,8000
3875009310,10,4689,32,3875013140,10,4690,8000
3876404324,11,5066,32,3876407626,11,5067,8000
3877800320,12,5444,32,3877803678,12,5445,8000
3879389660,13,5868,32,3879393872,13,5869,8000
3880784912,14,6245,32,3880788148,14,6246,8000
3882170916,15,6620,32,3882174152,15,6621,8000
3883606006,16,7008,32,3883609774,16,7010,8000
3885007282,17,7388,32,3885010592,17,7389,8000
3886413412,18,7768,32,3886416704,18,7769,8000
3887812278,19,8147,32,3887815698,19,8147,8000
3889212286,20,8525,32,3889215474,20,8526,8000
3890613982,21,8905,32,3890617454,21,8906,8000
3892012014,22,9283,32,3892015576,22,9284,8000
3893425938,23,9665,32,3893429304,23,9666,8000
3895005440,24,10086,32,3895009624,24,10087,8000
3896404364,25,10464,32,3896407814,25,10465,8000
3897828456,26,10849,32,3897832210,26,10851,8000
3899383808,27,11270,32,3899389154,27,11272,8000
3900835658,28,11663,32,3900838980,28,11664,8000
3902247880,29,12045,32,3902252170,29,12046,8000
3903679404,30,12433,32,3903683170,30,12434,8000
3905085148,31,12813,32,3905088436,31,12814,8000
3906510060,32,13198,32,3906513710,32,13199,8000
3908176046,33,13636,32,3908180832,33,13638,8000
3909595442,34,14020,32,3909598904,34,14021,8000
3910992822,35,14399,32,3910996320,35,14400,8000
3912452612,36,14793,32,3912456846,36,14795,8000
3913864052,37,15175,32,3913867388,37,15176,8000
3915273210,38,15557,32,3915276704,38,15558,8000
3916679856,39,15937,32,3916684146,39,15938,8000
3918083752,40,16317,32,3918087034,40,16318,8000
3919484376,41,16696,32,3919487588,41,16697,8000
3920887584,42,17076,32,3920890978,42,17077,8000
3922505584,43,17507,32,3922510064,43,17508,8000
3924027970,44,17913,32,3924032012,44,17914,8000
3925542014,45,18317,32,3925546216,45,18318,8000
3926987106,46,18708,32,3926990880,46,18709,8000
3928398220,47,19090,32,3928401614,47,19091,8000
3929860916,48,19486,32,3929865850,48,19487,8000
3931271732,49,19867,32,3931275206,49,19868,8000
3932670406,50,20246,32,3932673640,50,20247,8000
3934140222,51,20643,32,3934144450,51,20645,8000
3935533148,52,21020,32,3935536796,52,21021,8000
3936936678,53,21400,32,3936939978,53,21401,8000
3341118400,0,2468,32,3341145302,0,2476,8000
3346981902,1,4055,32,3347002334,1,4061,8000
3353034472,2,5692,32,3353053302,2,5698,8000
3358811398,3,7256,32,3358823394,3,7259,8000
3362692964,4,8306,32,3362702326,4,8309,8000
3366715172,5,9394,32,3366725762,5,9397,8000
3370573046,6,10438,32,3370583028,6,10441,8000
3374506814,7,11502,32,3374518388,7,11506,8000
3379802718,8,12935,32,3379818514,8,12940,8032
3383417216,9,13913,32,3383427296,9,13916,8032
3386327184,10,14701,32,3386335300,10,14703,8000
3389390388,11,15529,32,3389399296,11,15532,8000
3392328956,12,16325,32,3392336320,12,16327,8000
3395258052,13,17117,32,3395265218,13,17119,8000
3397642812,14,17762,32,3397648430,14,17764,8000
3399988886,15,18397,32,3399994846,15,18399,8000
3402384828,16,19045,32,3402391308,16,19047,8000
3404711316,17,19675,32,3404716782,17,19677,8000
3407051948,18,20308,32,3407057898,18,20310,8000
3409467278,19,20962,32,3409474094,19,20964,8000
3411846944,20,21606,32,3411854094,20,21608,8000
3414165144,21,22233,32,3414169754,21,22234,8000
3416116858,22,22761,32,3416121416,22,22762,8000
3418093374,23,23296,32,3418097920,23,23297,8000
3420030962,24,23820,32,3420035600,24,23821,8000
3421984428,25,24348,32,3421989104,25,24350,8032
3423926270,26,24874,32,3423930886,26,24875,8000
3425868142,27,25399,32,3425872516,27,25401,8000
3427818246,28,25927,32,3427822752,28,25928,8000
3429759596,29,26452,32,3429764118,29,26453,8000
3431755380,30,26992,32,3431761044,30,26994,8000
3433693738,31,27517,32,3433701946,31,27519,8000
3435450590,32,27992,32,3435455608,32,27993,8000
3437133894,33,28447,32,3437138346,33,28449,8000
3438793700,34,28896,32,3438797662,34,28898,8000
3440474616,35,29351,32,3440478710,35,29352,8000
3442142308,36,29803,32,3442146182,36,29804,8000
3443819536,37,30256,32,3443823504,37,30257,8000
3445491516,38,30709,32,3445495544,38,30710,8000
3447187716,39,31168,32,3447191604,39,31169,8000
3448882114,40,31626,32,3448887670,40,31628,8000
3450552794,41,32078,32,3450556614,41,32079,8000
3452091636,42,32494,32,3452095078,42,32495,8000
3453552422,43,32890,32,3453555774,43,32891,8000
3455004554,44,33283,32,3455008144,44,33284,8000
3456470638,45,33679,32,3456474108,45,33680,8000
3457931174,46,34074,32,3457934596,46,34075,8000
3459391094,47,34469,32,3459394570,47,34470,8000
3460862718,48,34868,32,3460866126,48,34869,8000
3462358058,49,35272,32,3462362208,49,35273,8000
3463815696,50,35667,32,3463819078,50,35668,8000
3465275638,51,36062,32,3465279028,51,36063,8000
3466785310,52,36470,32,3466792068,52,36472,8000
3468253452,53,36867,32,3468256884,53,36868,8000
3469696048,54,37258,32,3469699128,54,37258,8000
3742406776,0,2082,32,3742432150,0,2090,8000
3748103588,1,3624,32,3748121140,1,3629,8000
3754085040,2,5242,32,3754100454,2,5247,8000
3760096718,3,6869,32,3760114256,3,6874,8000
3765974238,4,8459,32,3765988196,4,8463,8000
3771822160,5,10041,32,3771837270,5,10046,8000
3778502836,6,11847,32,3778532640,6,11857,8000
3788166842,7,14462,32,3788190304,7,14470,8000
3794235626,8,16106,32,3794252890,8,16110,8000
3800094444,9,17691,32,3800108502,9,17695,8000
3806118288,10,19321,32,3806135860,10,19326,8000
3812037206,11,20922,32,3812053644,11,20927,8000
3817915438,12,22513,32,3817929382,12,22517,8000
3824116384,13,24190,32,3824134366,13,24195,8000
3829918744,14,25760,32,3829931616,14,25764,8000
3835790166,15,27349,32,3835803382,15,27353,8000
3841693430,16,28946,32,3841706964,16,28950,8000
3849300042,17,31002,32,3849324240,17,31011,8000
3853447094,18,32126,32,3853457830,18,32129,8000
3857355966,19,33184,32,3857365680,19,33187,8000
3861246554,20,34237,32,3861255830,20,34239,8000
3865153704,21,35294,32,3865162964,21,35296,8000
3868910820,22,36310,32,3868917778,22,36312,8000
3871825070,23,37099,32,3871831520,23,37101,8000
3874751976,24,37891,32,3874758472,24,37893,8000
3877683114,25,38684,32,3877689674,25,38686,8000
3880592874,26,39471,32,3880599528,26,39473,8000
3884424038,27,40498,32,3884437836,27,40502,8032
3889347036,28,41830,32,3889358594,28,41834,8000
3893849908,29,43049,32,3893859016,29,43052,8000
3898447626,30,44293,32,3898457020,30,44296,8000
3903037228,31,45535,32,3903045924,31,45537,8000
3907095368,32,46633,32,3907103276,32,46635,8000
3910829660,33,47643,32,3910836776,33,47645,8000
3914583170,34,48659,32,3914590658,34,48661,8000
3918404490,35,49693,32,3918411468,35,49695,8000
3922211994,36,50723,32,3922219154,36,50725,8000
3925717822,37,51671,32,3925723588,37,51673,8000
3927944224,38,52274,32,3927949172,38,52275,8000
3929606714,39,52724,32,3929610900,39,52725,8000
3931298162,40,53181,32,3931302638,40,53183,8000
3932991214,41,53639,32,3932995188,41,53641,8000
3934710542,42,54104,32,3934715616,42,54106,8000
3936424282,43,54568,32,3936430008,43,54570,8000
3938150510,44,55035,32,3938156562,44,55037,8000
3939882648,45,55504,32,3939886948,45,55505,8000
3941616582,46,55973,32,3941621118,46,55974,8000
3943205764,47,56403,32,3943209608,47,56404,8000
3944697300,48,56807,32,3944701282,48,56808,8000
3946205956,49,57215,32,3946210150,49,57216,8000
3947716584,50,57623,32,3947721278,50,57625,8000
3949208276,51,58027,32,3949213238,51,58029,8000
3950721188,52,58436,32,3950724820,52,58438,8000
3952233944,53,58846,32,3952237248,53,58847,8000
2410942998,0,964,32,2410949200,0,966,8000
2412741948,1,1450,32,2412749276,1,1453,8000
2414198804,2,1844,32,2414203278,2,1846,8000
2415467864,3,2188,32,2415471200,3,2189,8000
2416741694,4,2533,32,2416744952,4,2534,8000
2418029296,5,2881,32,2418032824,5,2882,8000
2419330272,6,3233,32,2419333622,6,3234,8000
2420641884,7,3588,32,2420646398,7,3589,8000
2422037868,8,3966,32,2422041582,8,3967,8000
2423325784,9,4314,32,2423329008,9,4315,8000
2424635938,10,4669,32,2424641328,10,4670,8000
2426092498,11,5063,32,2426098114,11,5065,8000
2427436968,12,5427,32,2427441290,12,5428,8000
2428786468,13,5792,32,2428790640,13,5793,8000
2430250034,14,6170,32,2430254622,14,6171,8000
2431712008,15,6550,32,2431715726,15,6551,8032
2433134994,16,6924,32,2433138350,16,6924,8000
2434632522,17,7311,32,2434635956,17,7312,8000
2436090196,18,7691,32,2436093526,18,7692,8000
2437560226,19,8074,32,2437563622,19,8075,8000
2439002998,20,8450,32,2439006282,20,8451,8000
2440482034,21,8835,32,2440485706,21,8836,8000
2441966546,22,9222,32,2441969684,22,9223,8000
2443420668,23,9601,32,2443423916,23,9602,8000
2444882796,24,9982,32,2444886222,24,9983,8000
2446379640,25,10370,32,2446383112,25,10371,8000
2447971250,26,10784,32,2447978546,26,10786,8000
2449563438,27,11196,32,2449567274,27,11198,8000
2450918918,28,11559,32,2450922512,28,11560,8000
2452305240,29,11929,32,2452309480,29,11930,8000
2453721332,30,12303,32,2453725040,30,12304,8000
2455187632,31,12687,32,2455191376,31,12688,8000
2456515914,32,13046,32,2456519166,32,13047,8000
2457966438,33,13429,32,2457970008,33,13430,8000
2459385150,34,13805,32,2459388644,34,13806,8000
2460720548,35,14161,32,2460724040,35,14162,8000
2462102406,36,14530,32,2462105898,36,14531,8032
2463381256,37,14876,32,2463384238,37,14877,8000
2464784274,38,15251,32,2464787962,38,15252,8000
2466131290,39,15610,32,2466134648,39,15611,8000
2467395570,40,15952,32,2467398498,40,15953,8000
2468885768,41,16347,32,2468889108,41,16348,8000
2470173280,42,16695,32,2470176412,42,16696,8000
2471451130,43,17041,32,2471454040,43,17042,8000
2472787650,44,17403,32,2472791368,44,17404,8000
2474044434,45,17743,32,2474047250,45,17744,8000
2475425186,46,18111,32,2475428550,46,18112,8000
2476790022,47,18476,32,2476793472,47,18477,8000
2478139762,48,18837,32,2478143068,48,18838,8000
2479512098,49,19204,32,2479515508,49,19205,8000
2480958428,50,19589,32,2480962578,50,19591,8000
2482330788,51,19956,32,2482334190,51,19957,8000
2483593600,52,20298,32,2483596668,52,20299,8000
2485006414,53,20676,32,2485010140,53,20677,8000
2486370334,54,21041,32,2486373662,54,21042,8000
1629519750,0,899,32,1629525658,0,901,8000
1630778654,1,1239,32,1630782814,1,1241,8032
1632073650,2,1590,32,1632076864,2,1591,8000
1633384310,3,1944,32,1633389328,3,1946,8000
1634786796,4,2324,32,1634791076,4,2325,8000
1636071840,5,2672,32,1636074718,5,2672,8000
1637375100,6,3024,32,1637379408,6,3025,8000
1638665064,7,3373,32,1638668156,7,3374,8000
1639952314,8,3722,32,1639955188,8,3722,8000
1641259312,9,4075,32,1641263038,9,4076,8000
1642558162,10,4427,32,1642561548,10,4428,8000
1643881960,11,4785,32,1643885940,11,4786,8000
1645163096,12,5131,32,1645165922,12,5132,8000
1646471516,13,5485,32,1646474970,13,5486,8000
1647811830,14,5848,32,1647815666,14,5849,8000
1649099180,15,6196,32,1649102392,15,6197,8000
1650466266,16,6566,32,1650470112,16,6567,8000
1651756868,17,6915,32,1651760426,17,6916,8000
1653122712,18,7285,32,1653127516,18,7286,8000
1654409982,19,7633,32,1654413906,19,7634,8032
1655709804,20,7985,32,1655712670,20,7986,8000
1657024122,21,8340,32,1657027544,21,8342,8000
1658324982,22,8692,32,1658328766,22,8694,8000
1659650770,23,9051,32,1659653936,23,9052,8000
1661009194,24,9419,32,1661013598,24,9420,8000
1662336550,25,9778,32,1662340124,25,9779,8000
1663632740,26,10128,32,1663636642,26,10130,8000
1665002980,27,10499,32,1665007474,27,10501,8000
1666327292,28,10858,32,1666331134,28,10859,8000
1667886032,29,11279,32,1667894506,29,11282,8000
1669314252,30,11665,32,1669325712,30,11669,8000
1670986138,31,12118,32,1670991418,31,12120,8000
1673458354,32,12787,32,1673463512,32,12788,8000
1675942404,33,13459,32,1675948120,33,13461,8000
1678380428,34,14119,32,1678384898,34,14120,8000
1680891228,35,14798,32,1680896734,35,14800,8000
1683332132,36,15458,32,1683336710,36,15460,8000
1685766480,37,16117,32,1685772464,37,16119,8000
1688201208,38,16776,32,1688206072,38,16777,8000
1690624550,39,17431,32,1690629254,39,17433,8000
1693076290,40,18095,32,1693080830,40,18096,8000
1695561948,41,18767,32,1695566638,41,18769,8000
1697978258,42,19421,32,1697982768,42,19422,8000
1700079670,43,19989,32,1700085022,43,19991,8000
1701373864,44,20340,32,1701377074,44,20341,8000
1702681778,45,20694,32,1702685350,45,20695,8000
1703987550,46,21047,32,1703991120,46,21048,8000
1705328454,47,21410,32,1705333212,47,21411,8000
1706625840,48,21761,32,1706629648,48,21762,8000
1707921618,49,22111,32,1707924806,49,22112,8000
1709321106,50,22490,32,1709325034,50,22491,8000
1710617136,51,22841,32,1710620228,51,22842,8000
1711912456,52,23191,32,1711916626,52,23192,8000
1713241550,53,23551,32,1713244948,53,23552,8000
