GARBAGE_COLLECTOR;MEAN_rdtsc;MEDIAN_rdtsc;MEAN_clock;MEDIAN_clock
BinTreeI_8192B_Z=10_2018-10-03:19:44:50/
cheney;11055.3;7930;3.183566;2
custom;6111.738;4747;1.725524;1
generated;4576.189;4271;1.309441;1
BinTreeI_8192B_Z=11_2018-10-03:19:44:59/
cheney;7374.593;5294;2.101222;2
custom;5153.99;4834;1.492147;1
generated;5423.03;4944;1.553229;2
BinTreeI_8192B_Z=1_2018-10-03:19:43:26/
cheney;6540.73;4610;1.926606;1
custom;5208.859;3774;1.557798;1
generated;4124.07;3492;1.240367;1
BinTreeI_8192B_Z=12_2018-10-03:19:45:08/
cheney;8058.779;5728;2.371681;2
custom;6803.89;4948;1.975221;2
generated;4594.212;4216;1.325664;1
BinTreeI_8192B_Z=13_2018-10-03:19:45:17/
cheney;6844.117;4820;1.975177;2
custom;6524.234;4833;1.865248;1
generated;4609.73;4172;1.352837;1
BinTreeI_8192B_Z=14_2018-10-03:19:45:26/
cheney;8071.326;5954;2.348718;2
custom;6861.306;5350;1.965812;2
generated;4973.231;4562;1.435897;1
BinTreeI_8192B_Z=15_2018-10-03:19:45:35/
cheney;9368.662;6473;2.663823;2
custom;6259.836;4968;1.803754;1
generated;4906.334;4537;1.43686;1
BinTreeI_8192B_Z=16_2018-10-03:19:45:44/
cheney;11415.81;8138;3.267918;2
custom;5548.631;4861;1.617747;1
generated;5191.195;4707;1.520478;1
BinTreeI_8192B_Z=17_2018-10-03:19:45:53/
cheney;7412.037;6428;2.117547;2
custom;7400.593;5940;2.13799;2
generated;6125.373;6198;1.72402;2
BinTreeI_8192B_Z=18_2018-10-03:19:46:02/
cheney;8490.525;6712;2.399666;2
custom;8999.625;6324;2.610368;2
generated;5863.732;5349;1.697324;2
BinTreeI_8192B_Z=19_2018-10-03:19:46:11/
cheney;10164.39;6926;2.861667;2
custom;6937.327;5171;2.008333;2
generated;5950.127;5312;1.693333;2
BinTreeI_8192B_Z=20_2018-10-03:19:46:20/
cheney;11697.23;7684;3.345515;2
custom;7904.475;5870;2.285714;2
generated;5577.429;5204;1.594684;1
BinTreeI_8192B_Z=21_2018-10-03:19:46:30/
cheney;10582.69;6752;3.021776;2
custom;6434.288;5038;1.849246;2
generated;5507.394;5040;1.566164;1
BinTreeI_8192B_Z=2_2018-10-03:19:43:35/
cheney;5729.842;4176;1.675875;1
custom;7167.492;4896;2.121547;2
generated;3827.079;3378;1.139963;1
BinTreeI_8192B_Z=22_2018-10-03:19:46:39/
cheney;13748.82;9294;3.932455;3
custom;6936.227;5526;1.978583;2
generated;6115.855;5588;1.7743;2
BinTreeI_8192B_Z=23_2018-10-03:19:46:49/
cheney;11581.76;7854;3.310345;2
custom;6883.553;5416;1.986864;2
generated;5943.534;5526;1.683087;2
BinTreeI_8192B_Z=24_2018-10-03:19:46:58/
cheney;10995.49;7948;3.104918;2
custom;7640.682;5709;2.17541;2
generated;7020.813;5564;1.97541;2
BinTreeI_8192B_Z=25_2018-10-03:19:47:08/
cheney;13662.58;8582;3.855285;3
custom;6135.363;5410;1.782114;2
generated;7088.42;5684;2.021138;2
BinTreeI_8192B_Z=26_2018-10-03:19:47:17/
cheney;12948.53;9611;3.682965;3
custom;6818.558;5765;1.925868;2
generated;6482.407;6020;1.856467;2
BinTreeI_8192B_Z=27_2018-10-03:19:47:25/
cheney;7918.928;7286;2.235955;2
custom;6726.899;6446;1.910112;2
generated;6913.721;6462;1.916533;2
BinTreeI_8192B_Z=28_2018-10-03:19:47:34/
cheney;14702.67;10497;4.164537;3
custom;7472.08;6100;2.126198;2
generated;6483.268;5979;1.857827;2
BinTreeI_8192B_Z=29_2018-10-03:19:47:44/
cheney;10712.49;7975;2.988818;2
custom;9367.345;6425;2.669329;2
generated;6630.882;5970;1.878594;2
BinTreeI_8192B_Z=30_2018-10-03:19:47:53/
cheney;13376.16;9114;3.783537;3
custom;8417.143;6677;2.368902;2
generated;7167.436;6576;2.018293;2
BinTreeI_8192B_Z=31_2018-10-03:19:48:03/
cheney;12626.44;8369;3.561321;2
custom;8074.642;6066;2.286164;2
generated;7194.77;6437;2.031447;2
BinTreeI_8192B_Z=3_2018-10-03:19:43:44/
cheney;7315.055;5168;2.170956;2
custom;4660.776;3651;1.345588;1
generated;3671.07;3331;1.066176;1
BinTreeI_8192B_Z=32_2018-10-03:19:48:12/
cheney;12180.58;8426;3.394945;2
custom;7195.817;6004;2.020537;2
generated;6721.738;6284;1.902054;2
BinTreeI_8192B_Z=33_2018-10-03:19:48:22/
cheney;11918.36;9064;3.361502;3
custom;7180.041;6116;2.071987;2
generated;6897.061;6188;1.937402;2
BinTreeI_8192B_Z=34_2018-10-03:19:48:31/
cheney;15993.16;10796;4.515885;3
custom;7332.191;6510;2.07413;2
generated;7192.091;6768;1.992436;2
BinTreeI_8192B_Z=35_2018-10-03:19:48:40/
cheney;10417.86;9026;2.90462;3
custom;8725.8;8498;2.454545;2
generated;8646.295;8678;2.405365;2
BinTreeI_8192B_Z=36_2018-10-03:19:48:49/
cheney;11971.62;9084;3.350376;3
custom;9673.044;7542;2.771429;2
generated;7567.002;6948;2.117293;2
BinTreeI_8192B_Z=37_2018-10-03:19:48:58/
cheney;12771.53;8987;3.604615;3
custom;9148.954;6715;2.630769;2
generated;6947.88;6550;1.958462;2
BinTreeI_8192B_Z=38_2018-10-03:19:49:08/
cheney;15898.75;11072;4.426492;3
custom;9979.636;7424;2.770015;2
generated;7678.477;7318;2.161572;2
BinTreeI_8192B_Z=39_2018-10-03:19:49:17/
cheney;17056.86;11578;4.79351;3
custom;7785.637;6625;2.159292;2
generated;7504.369;7027;2.106195;2
BinTreeI_8192B_Z=40_2018-10-03:19:49:27/
cheney;13566.75;9596;3.794161;3
custom;9840.928;7534;2.783942;2
generated;7818.578;7314;2.189781;2
BinTreeI_8192B_Z=41_2018-10-03:19:49:36/
cheney;15038.66;11167;4.180882;3
custom;8203.474;7007;2.338235;2
generated;7600.074;7069;2.164706;2
BinTreeI_8192B_Z=4_2018-10-03:19:43:54/
cheney;8085.365;5824;2.359489;2
custom;5530.606;4069;1.667883;1
generated;3710.766;3330;1.067518;1
BinTreeI_8192B_Z=42_2018-10-03:19:49:45/
cheney;12499.14;10538;3.477011;3
custom;9312.957;8153;2.614943;2
generated;9179.399;8653;2.570402;2
BinTreeI_8192B_Z=43_2018-10-03:19:49:54/
cheney;13709.12;10114;3.802837;3
custom;10316.9;8342;2.92766;2
generated;8193.421;7864;2.297872;2
BinTreeI_8192B_Z=44_2018-10-03:19:50:03/
cheney;17145.15;12980;4.770655;4
custom;9959.67;7703;2.860399;2
generated;7786.311;7454;2.189459;2
BinTreeI_8192B_Z=45_2018-10-03:19:50:13/
cheney;19601.75;13220;5.460472;4
custom;9246.68;7736;2.578363;2
generated;8444.374;8166;2.355062;2
BinTreeI_8192B_Z=46_2018-10-03:19:50:23/
cheney;19196.96;13659;5.370739;4
custom;10284.56;7376;2.910511;2
generated;8037.807;7667;2.255682;2
BinTreeI_8192B_Z=47_2018-10-03:19:50:32/
cheney;15252.8;13870;4.235624;4
custom;8707.4;8126;2.454418;2
generated;10952.24;8728;3.070126;3
BinTreeI_8192B_Z=48_2018-10-03:19:50:41/
cheney;14974.55;10846;4.204196;3
custom;10386.69;7666;2.953846;2
generated;8625.091;7970;2.406993;2
BinTreeI_8192B_Z=49_2018-10-03:19:50:51/
cheney;22615.95;14492;6.296247;4
custom;9564.367;8135;2.689008;2
generated;8932.306;8568;2.508043;2
BinTreeI_8192B_Z=50_2018-10-03:19:51:01/
cheney;19780.47;14190;5.531507;4
custom;9535.523;7629;2.684932;2
generated;8879.477;8184;2.456164;2
BinTreeI_8192B_Z=51_2018-10-03:19:51:11/
cheney;18120.81;12805;5.064917;4
custom;10350.54;8040;2.892265;2
generated;11214.31;8303;3.13674;2
BinTreeI_8192B_Z=5_2018-10-03:19:44:03/
cheney;7977.725;5082;2.311355;2
custom;4118.198;3584;1.274725;1
generated;3600.824;3242;1.045788;1
BinTreeI_8192B_Z=52_2018-10-03:19:51:21/
cheney;17548.31;12053;4.888283;3
custom;11412.43;8402;3.197548;2
generated;8761.398;8407;2.407357;2
BinTreeI_8192B_Z=53_2018-10-03:19:51:30/
cheney;13419.89;11252;3.742404;3
custom;9817.535;9236;2.747688;3
generated;10984.21;10550;3.040951;3
BinTreeI_8192B_Z=54_2018-10-03:19:51:39/
cheney;17824.2;11778;4.97351;3
custom;10413.11;8368;2.892715;2
generated;9030.636;8606;2.49404;2
BinTreeI_8192B_Z=55_2018-10-03:19:51:49/
cheney;20366.65;12013;5.613695;3
custom;11335.43;8410;3.142119;2
generated;9552.088;9097;2.687339;3
BinTreeI_8192B_Z=56_2018-10-03:19:51:59/
cheney;20919.66;13966;5.800761;4
custom;10553.05;8676;2.92132;2
generated;10004.62;9475;2.798223;3
BinTreeI_8192B_Z=57_2018-10-03:19:52:08/
cheney;14680.4;14954;4.087011;4
custom;10924.43;9960;3.016393;3
generated;11227.14;10202;3.090794;3
BinTreeI_8192B_Z=58_2018-10-03:19:52:18/
cheney;18591.06;12498;5.115979;3
custom;15525.48;10030;4.354381;3
generated;9855.66;9208;2.752577;3
BinTreeI_8192B_Z=59_2018-10-03:19:52:27/
cheney;19249.82;13580;5.332071;4
custom;12912.37;9066;3.575758;3
generated;10350.53;9454;2.868687;3
BinTreeI_8192B_Z=60_2018-10-03:19:52:37/
cheney;24276.31;15956;6.704459;4
custom;12453.91;9402;3.431847;3
generated;9583.735;9186;2.64586;3
BinTreeI_8192B_Z=61_2018-10-03:19:52:47/
cheney;21247.61;16358;5.907574;5
custom;11512.76;8450;3.191271;2
generated;9942.634;9134;2.784339;3
BinTreeI_8192B_Z=6_2018-10-03:19:44:12/
cheney;8693.33;6453;2.52509;2
custom;5574.964;4500;1.645161;1
generated;4287;3837;1.232975;1
BinTreeI_8192B_Z=62_2018-10-03:19:52:57/
cheney;21549.87;13256;5.95297;4
custom;10808.18;8912;3.019802;3
generated;13588.25;10074;3.721535;3
BinTreeI_8192B_Z=63_2018-10-03:19:53:08/
cheney;25965.67;17624;7.217997;5
custom;9732.099;8654;2.723701;3
generated;9800.692;9224;2.73384;3
BinTreeI_8192B_Z=64_2018-10-03:19:53:17/
cheney;19192.21;15260;5.235443;4
custom;12925.11;11288;3.605063;3
generated;11852.7;11661;3.302532;3
BinTreeI_8192B_Z=65_2018-10-03:19:53:27/
cheney;18919.44;13168;5.223558;4
custom;10932.48;9239;3.038462;3
generated;11604.62;10450;3.207933;3
BinTreeI_8192B_Z=66_2018-10-03:19:53:37/
cheney;20854.24;14172;5.807692;4
custom;10989.3;9522;3.092548;3
generated;10638.11;10027;2.955529;3
BinTreeI_8192B_Z=67_2018-10-03:19:53:46/
cheney;20893.81;16634;5.739286;5
custom;12067.04;11678;3.35119;3
generated;12741.85;12601;3.553571;3.5
BinTreeI_8192B_Z=68_2018-10-03:19:53:56/
cheney;25331.34;17351;7.003488;5
custom;13800.25;9939;3.824419;3
generated;11292.4;10486;3.124419;3
BinTreeI_8192B_Z=69_2018-10-03:19:54:07/
cheney;24488.76;16153;6.771715;5
custom;11536.01;9701;3.187082;3
generated;11569.45;10980;3.206013;3
BinTreeI_8192B_Z=70_2018-10-03:19:54:17/
cheney;24514.92;15824;6.673493;4
custom;11016.46;9808;3.063709;3
generated;10927.61;10508;3.01934;3
BinTreeI_8192B_Z=71_2018-10-03:19:54:28/
cheney;23151.6;14851;6.405251;4
custom;13914.14;9912;3.856164;3
generated;11223.3;10636;3.089041;3
BinTreeI_8192B_Z=7_2018-10-03:19:44:22/
cheney;6509.121;4750;1.919643;1
custom;5921.229;4284;1.798214;1
generated;4518.343;3902;1.3125;1
BinTreeI_8192B_Z=72_2018-10-03:19:54:37/
cheney;19286.2;17256;5.326484;5
custom;15221.03;12610;4.163242;3
generated;12747.74;11388;3.531963;3
BinTreeI_8192B_Z=73_2018-10-03:19:54:48/
cheney;22985.89;15773;6.322296;4
custom;14068.98;10392;3.874172;3
generated;12351.72;11421;3.422737;3
BinTreeI_8192B_Z=74_2018-10-03:19:54:58/
cheney;23721.99;16982;6.52;5
custom;12400.51;10338;3.412973;3
generated;12111.32;11738;3.36;3
BinTreeI_8192B_Z=75_2018-10-03:19:55:08/
cheney;25538.78;17658;7.041349;5
custom;15183.6;10658;4.20457;3
generated;11819.44;11198;3.286181;3
BinTreeI_8192B_Z=76_2018-10-03:19:55:18/
cheney;23947.94;16098;6.625828;5
custom;12184.93;9699;3.352097;3
generated;11520.75;11120;3.197572;3
BinTreeI_8192B_Z=77_2018-10-03:19:55:28/
cheney;17624.43;17846;4.8337;5
custom;16338.64;13672;4.540749;4
generated;13385.69;12434;3.692731;4
BinTreeI_8192B_Z=78_2018-10-03:19:55:38/
cheney;22015.45;15998;6.06505;4
custom;15536.7;10910;4.31312;3
generated;11869.49;11386;3.282249;3
BinTreeI_8192B_Z=79_2018-10-03:19:55:49/
cheney;26035.66;17332;7.194475;5
custom;13807.43;10348;3.78453;3
generated;11480.65;11106;3.175691;3
BinTreeI_8192B_Z=80_2018-10-03:19:56:00/
cheney;24121.42;15510;6.652838;4
custom;12051.73;9866;3.378821;3
generated;13074.25;11295;3.60917;3
BinTreeI_8192B_Z=81_2018-10-03:19:56:11/
cheney;26691.22;18686;7.359406;5
custom;14321.89;10952;3.968317;3
generated;12791.87;12076;3.516832;3
BinTreeI_8192B_Z=8_2018-10-03:19:44:31/
cheney;9379.343;6491;2.648214;2
custom;5329.954;4147;1.585714;1
generated;4478.625;4000;1.310714;1
BinTreeI_8192B_Z=82_2018-10-03:19:56:22/
cheney;29028.68;19408;8.012435;5
custom;15621.88;11080;4.349223;3
generated;12770.35;11850;3.516062;3
BinTreeI_8192B_Z=83_2018-10-03:19:56:33/
cheney;23338.98;15279;6.462366;4
custom;14948.63;10540;4.129032;3
generated;12655.84;11639;3.492473;3
BinTreeI_8192B_Z=84_2018-10-03:19:56:44/
cheney;25929.55;17279;7.148221;5
custom;16964.28;11631;4.713439;3
generated;13019.58;12471;3.626482;3
BinTreeI_8192B_Z=85_2018-10-03:19:56:55/
cheney;27672.96;17519;7.575419;5
custom;14967.25;11487;4.1527;3
generated;15403.05;13213;4.257914;4
BinTreeI_8192B_Z=86_2018-10-03:19:57:06/
cheney;25567.64;17639;7.034749;5
custom;15516.9;11344;4.28861;3
generated;14776.19;12680;4.080116;4
BinTreeI_8192B_Z=87_2018-10-03:19:57:16/
cheney;24701.43;16478;6.814186;5
custom;11151.42;10482;3.061938;3
generated;12614.2;12116;3.494505;3
BinTreeI_8192B_Z=88_2018-10-03:19:57:28/
cheney;27942.24;17626;7.698324;5
custom;15938.65;11615;4.383613;3
generated;13290.36;12915;3.66946;4
BinTreeI_8192B_Z=89_2018-10-03:19:57:39/
cheney;27016.57;17180;7.443086;5
custom;16346.62;11548;4.490122;3
generated;13318.05;12860;3.678269;4
BinTreeI_8192B_Z=90_2018-10-03:19:57:50/
cheney;28056.27;17961;7.729376;5
custom;15482.09;11266;4.288732;3
generated;12521.82;12059;3.462777;3
BinTreeI_8192B_Z=91_2018-10-03:19:58:02/
cheney;23200.59;17070;6.412801;5
custom;16563.91;11505;4.583488;3
generated;15027.27;12968;4.151206;4
BinTreeI_8192B_Z=9_2018-10-03:19:44:41/
cheney;9894.925;7491;2.854093;2
custom;4976.014;4085;1.467972;1
generated;4127.299;3772;1.183274;1
BinTreeI_8192B_Z=92_2018-10-03:19:58:12/
cheney;27613.61;19982;7.568982;6
custom;13213.5;11070;3.647954;3
generated;13711.45;12772;3.801142;4
BinTreeI_8192B_Z=93_2018-10-03:19:58:23/
cheney;28265.35;17418;7.777673;5
custom;14319.69;11384;3.932829;3
generated;13351.21;12856;3.673605;4
BinTreeI_8192B_Z=94_2018-10-03:19:58:35/
cheney;25557.01;17526;7.043836;5
custom;13274.95;11234;3.677626;3
generated;13509.12;12942;3.719635;4
BinTreeI_8192B_Z=95_2018-10-03:19:58:45/
cheney;23385.32;22120;6.40333;6
custom;19250.49;15038;5.288622;4
generated;15875.62;16550;4.372803;4
BinTreeII_8192B_Y=100_2018-10-03:20:14:33/
cheney;16228.83;10186;4.577495;3
custom;7788.221;6528;2.259023;2
generated;7646.055;5858;2.186837;2
BinTreeII_8192B_Y=101_2018-10-03:20:14:42/
cheney;14204.79;11354;3.965235;3
custom;8836.221;6922;2.543967;2
generated;7094.102;7244;2.02454;2
BinTreeII_8192B_Y=10_2018-10-03:20:00:27/
cheney;19989.17;12982;5.555108;4
custom;9891.25;8066;2.719086;2
generated;9024.371;8496;2.509409;2
BinTreeII_8192B_Y=102_2018-10-03:20:14:52/
cheney;13935.92;8870;3.909283;3
custom;8271.021;7140;2.390295;2
generated;6347.451;5888;1.833333;2
BinTreeII_8192B_Y=103_2018-10-03:20:15:00/
cheney;11980.8;8767;3.388;3
custom;8648.256;7542;2.456;2
generated;8154.528;7423;2.274;2
BinTreeII_8192B_Y=104_2018-10-03:20:15:10/
cheney;20534.87;16560;5.746615;5
custom;10404.22;8702;2.961315;2
generated;7822.132;8168;2.16441;2
BinTreeII_8192B_Y=105_2018-10-03:20:15:20/
cheney;17400.06;13578;4.887712;4
custom;7290.958;6241;2.129237;2
generated;5866.559;5628;1.650424;2
BinTreeII_8192B_Y=106_2018-10-03:20:15:28/
cheney;13169.64;12074;3.677362;3
custom;8806.488;8322;2.456328;2
generated;8503.194;8796;2.383244;2
BinTreeII_8192B_Y=107_2018-10-03:20:15:38/
cheney;16346.83;10798;4.543689;3
custom;9131.196;7506;2.666019;2
generated;8377.46;7134;2.409709;2
BinTreeII_8192B_Y=108_2018-10-03:20:15:48/
cheney;20540.73;12102;5.734733;3
custom;11786.79;9313;3.362595;3
generated;7484.511;7774;2.120229;2
BinTreeII_8192B_Y=109_2018-10-03:20:15:56/
cheney;10402.98;10223;2.920152;3
custom;8995.327;8162;2.555133;2
generated;8141.722;8281;2.273764;2
BinTreeII_8192B_Y=110_2018-10-03:20:16:05/
cheney;16652.2;11325;4.665354;3
custom;7147.272;7134;2.062992;2
generated;6452.736;6979;1.822835;2
BinTreeII_8192B_Y=111_2018-10-03:20:16:15/
cheney;22222.22;17228;6.189565;5
custom;8884.595;8446;2.563478;2
generated;8391.857;8948;2.366957;2
BinTreeII_8192B_Y=11_2018-10-03:20:00:37/
cheney;21469.81;14854;5.942359;4
custom;10659.72;8190;2.982574;2
generated;9100.694;8670;2.529491;2
BinTreeII_8192B_Y=112_2018-10-03:20:16:25/
cheney;22142.78;16618;6.230909;5
custom;8361.647;6922;2.392727;2
generated;6913.818;6832;1.914545;2
BinTreeII_8192B_Y=113_2018-10-03:20:16:33/
cheney;11096.31;11666;3.103918;3
custom;9747.37;8782;2.708688;2
generated;9174.164;8774;2.574106;2
BinTreeII_8192B_Y=114_2018-10-03:20:16:42/
cheney;15789.06;11890;4.376364;3
custom;9074.913;8005;2.585455;2
generated;7170.127;6999;2.034545;2
BinTreeII_8192B_Y=115_2018-10-03:20:16:52/
cheney;18673.86;13572;5.260116;4
custom;8935.391;5530;2.566474;2
generated;5784.555;4948;1.626204;1
BinTreeII_8192B_Y=116_2018-10-03:20:17:02/
cheney;14309.87;8267;4.046875;2
custom;7130;5804;2.097656;2
generated;5620.445;5661;1.621094;2
BinTreeII_8192B_Y=117_2018-10-03:20:17:10/
cheney;10525.76;7878;2.920721;2
custom;7026.577;6866;1.987387;2
generated;7854.494;7054;2.2;2
BinTreeII_8192B_Y=118_2018-10-03:20:17:19/
cheney;16821.46;13460;4.705467;4
custom;8646.84;7610;2.440917;2
generated;7638.928;7152;2.162257;2
BinTreeII_8192B_Y=119_2018-10-03:20:17:30/
cheney;19076.33;14234;5.30832;4
custom;12564.23;9038;3.517129;2
generated;7702.248;7582;2.154976;2
BinTreeII_8192B_Y=1_2018-10-03:19:58:57/
cheney;17427.89;13729;4.765;4
custom;13133.74;9948;3.656;3
generated;14641.74;12926;4.046;4
BinTreeII_8192B_Y=120_2018-10-03:20:17:39/
cheney;19350.2;12582;5.444068;4
custom;7701.139;6853;2.213559;2
generated;6968.108;6510;1.977966;2
BinTreeII_8192B_Y=121_2018-10-03:20:17:48/
cheney;9494.321;9938;2.656093;3
custom;7864.274;7716;2.253756;2
generated;8305.656;8202;2.312187;2
BinTreeII_8192B_Y=12_2018-10-03:20:00:47/
cheney;21767.5;14089;6.063889;4
custom;8032.858;7380;2.266667;2
generated;8652.311;8181;2.4;2
BinTreeII_8192B_Y=122_2018-10-03:20:17:58/
cheney;16483.85;12690;4.59164;4
custom;10660.13;8638;3.036977;2
generated;9399.759;9166;2.636656;2
BinTreeII_8192B_Y=123_2018-10-03:20:18:08/
cheney;22049.78;16194;6.146379;4
custom;8151.171;7952;2.312789;2
generated;8173.156;7760;2.298921;2
BinTreeII_8192B_Y=124_2018-10-03:20:18:18/
cheney;16741.05;12316;4.692557;3
custom;9979.741;7472;2.854369;2
generated;7591.327;7119;2.150485;2
BinTreeII_8192B_Y=125_2018-10-03:20:18:27/
cheney;12737.16;12120;3.542504;3
custom;9714.473;8470;2.737249;2
generated;9450.828;9354;2.616692;3
BinTreeII_8192B_Y=126_2018-10-03:20:18:37/
cheney;19617.93;14060;5.464678;4
custom;8496.204;7970;2.44427;2
generated;7793.372;8352;2.215071;2
BinTreeII_8192B_Y=127_2018-10-03:20:18:46/
cheney;12321.92;9524;3.438543;3
custom;9685.168;8204;2.723824;2
generated;8028.055;7420;2.241275;2
BinTreeII_8192B_Y=13_2018-10-03:20:00:57/
cheney;19364.8;13875;5.387006;4
custom;10684.17;7830;3.035311;2
generated;8834.246;8123;2.478814;2
BinTreeII_8192B_Y=14_2018-10-03:20:01:07/
cheney;19879.07;12459;5.512465;4
custom;9267.776;7743;2.612188;2
generated;10459.04;8477;2.921053;2
BinTreeII_8192B_Y=15_2018-10-03:20:01:17/
cheney;18720.22;14303;5.208447;4
custom;9674.172;7977;2.739782;2
generated;8826.608;8426;2.467302;2
BinTreeII_8192B_Y=16_2018-10-03:20:01:25/
cheney;13376.42;11426;3.70319;3
custom;9852.549;8668;2.760055;2
generated;10272.2;10052;2.84466;3
BinTreeII_8192B_Y=17_2018-10-03:20:01:35/
cheney;20771.55;14956;5.777328;4
custom;12334.02;8704;3.453441;3
generated;9196.486;8640;2.54386;2
BinTreeII_8192B_Y=18_2018-10-03:20:01:44/
cheney;19672.53;13098;5.47971;4
custom;9464.965;7579;2.672464;2
generated;8200.881;7755;2.281159;2
BinTreeII_8192B_Y=19_2018-10-03:20:01:53/
cheney;13401.45;11929;3.737069;3
custom;9387.948;9022;2.637931;3
generated;10547.64;10390;2.935345;3
BinTreeII_8192B_Y=20_2018-10-03:20:02:02/
cheney;18195.43;12744;5.097638;4
custom;9394.211;7866;2.637795;2
generated;7948.989;7496;2.225197;2
BinTreeII_8192B_Y=21_2018-10-03:20:02:12/
cheney;18509.54;11257;5.156805;3
custom;10364.39;7987;2.926036;2
generated;7962.18;7782;2.215976;2
BinTreeII_8192B_Y=2_2018-10-03:19:59:10/
cheney;21266.68;13670;5.883236;4
custom;13329.14;9262;3.69558;3
generated;12170.72;10432;3.376147;3
BinTreeII_8192B_Y=22_2018-10-03:20:02:22/
cheney;21966.25;14852;6.067821;4
custom;9284.733;8170;2.554113;2
generated;8805.215;8426;2.477633;2
BinTreeII_8192B_Y=23_2018-10-03:20:02:31/
cheney;15027.95;12160;4.193362;3
custom;10242.91;8806;2.877345;2
generated;9537.342;9260;2.63925;3
BinTreeII_8192B_Y=24_2018-10-03:20:02:40/
cheney;16829.25;11204;4.688995;3
custom;11786.14;8572;3.325359;2
generated;8024.715;7536;2.248804;2
BinTreeII_8192B_Y=25_2018-10-03:20:02:50/
cheney;19894.94;14051;5.570175;4
custom;9165.632;7600;2.593567;2
generated;8246.006;7980;2.314327;2
BinTreeII_8192B_Y=26_2018-10-03:20:02:59/
cheney;14921.03;12422;4.128411;3
custom;10278.09;8840;2.910112;3
generated;9496.283;8952;2.635634;3
BinTreeII_8192B_Y=27_2018-10-03:20:03:09/
cheney;17209.08;12110;4.796662;3
custom;10131.92;8012;2.872534;2
generated;10060.69;8118;2.787557;2
BinTreeII_8192B_Y=28_2018-10-03:20:03:19/
cheney;22969.26;14986;6.384926;4
custom;10139.1;8476;2.818304;2
generated;9735.844;9208;2.724092;3
BinTreeII_8192B_Y=29_2018-10-03:20:03:29/
cheney;13912.34;9429;3.875828;3
custom;11030.36;7623;3.142384;2
generated;9496.166;7800;2.68543;2
BinTreeII_8192B_Y=30_2018-10-03:20:03:38/
cheney;11527.57;9853;3.198052;3
custom;9790.451;8660;2.761364;2
generated;8747.185;8186;2.472403;2
BinTreeII_8192B_Y=31_2018-10-03:20:03:47/
cheney;19098.91;14090;5.344461;4
custom;10530;8040;2.959029;2
generated;8234.516;7746;2.333839;2
BinTreeII_8192B_Y=3_2018-10-03:19:59:20/
cheney;18793.21;12272;5.183653;4
custom;11042;8394;3.059536;2
generated;10110.2;9598;2.783047;3
BinTreeII_8192B_Y=32_2018-10-03:20:03:57/
cheney;19820.7;13475;5.5;4
custom;10601.79;8051;2.920391;2
generated;8683.182;8103;2.392458;2
BinTreeII_8192B_Y=33_2018-10-03:20:04:07/
cheney;22229.55;15256;6.194222;4
custom;8632.681;7730;2.430177;2
generated;8347.47;8064;2.322632;2
BinTreeII_8192B_Y=34_2018-10-03:20:04:15/
cheney;12322.38;10635;3.449686;3
custom;10793.47;9780;3.011006;3
generated;10010.12;9766;2.790881;3
BinTreeII_8192B_Y=35_2018-10-03:20:04:25/
cheney;20455.11;13839;5.669139;4
custom;12751.23;8923;3.575668;3
generated;8724.49;8225;2.446588;2
BinTreeII_8192B_Y=36_2018-10-03:20:04:34/
cheney;19957.41;13750;5.533145;4
custom;11314.27;8786;3.186178;2
generated;8634.973;8210;2.404795;2
BinTreeII_8192B_Y=37_2018-10-03:20:04:43/
cheney;12916.46;12077;3.616788;3
custom;9634.328;7338;2.722628;2
generated;8022.701;7493;2.237226;2
BinTreeII_8192B_Y=38_2018-10-03:20:04:52/
cheney;15768.54;11493;4.405;3
custom;9955.767;7628;2.808333;2
generated;8155.527;7708;2.273333;2
BinTreeII_8192B_Y=39_2018-10-03:20:05:02/
cheney;20705.8;13690;5.798374;4
custom;10288.93;7770;2.946341;2
generated;8051.815;7856;2.253659;2
BinTreeII_8192B_Y=40_2018-10-03:20:05:12/
cheney;13801.54;8990;3.909699;3
custom;12747.5;8364;3.618729;2
generated;7154.843;6992;2.025084;2
BinTreeII_8192B_Y=41_2018-10-03:20:05:21/
cheney;11702.05;10436;3.233281;3
custom;8675.733;8478;2.416796;2
generated;9121.369;8466;2.539658;2
BinTreeII_8192B_Y=4_2018-10-03:19:59:30/
cheney;19042.74;13117;5.276923;4
custom;8806.468;8157;2.434066;2
generated;9621.426;9154;2.671429;3
BinTreeII_8192B_Y=42_2018-10-03:20:05:31/
cheney;19492.95;12200;5.348348;3
custom;9077.88;7837;2.585586;2
generated;9355.856;8006;2.62012;2
BinTreeII_8192B_Y=43_2018-10-03:20:05:40/
cheney;18928.74;14330;5.282759;4
custom;12390.86;8611;3.494828;2
generated;8555.586;8098;2.37069;2
BinTreeII_8192B_Y=44_2018-10-03:20:05:49/
cheney;16641.69;12486;4.672662;3
custom;8646.302;8182;2.415468;2
generated;8680.45;8548;2.417266;2
BinTreeII_8192B_Y=45_2018-10-03:20:05:58/
cheney;17000.04;11398;4.732057;3
custom;11687.15;8974;3.304625;3
generated;8906.526;8522;2.491228;2
BinTreeII_8192B_Y=46_2018-10-03:20:06:08/
cheney;16587.74;10944;4.65353;3
custom;10948.04;8274;3.073892;2
generated;9454.739;7806;2.663383;2
BinTreeII_8192B_Y=47_2018-10-03:20:06:17/
cheney;16040.69;12142;4.472527;3
custom;9287.407;7538;2.620094;2
generated;8218.358;7918;2.340659;2
BinTreeII_8192B_Y=48_2018-10-03:20:06:26/
cheney;14388.9;13450;4;4
custom;11377.08;9656;3.166667;3
generated;10794.94;10206;2.983918;3
BinTreeII_8192B_Y=49_2018-10-03:20:06:35/
cheney;17477.49;11857;4.894569;3
custom;12024.08;8328;3.402556;2
generated;7858.447;7517;2.220447;2
BinTreeII_8192B_Y=50_2018-10-03:20:06:45/
cheney;20676.12;13432;5.762557;4
custom;9391.084;7470;2.624049;2
generated;8196.189;7824;2.316591;2
BinTreeII_8192B_Y=51_2018-10-03:20:06:53/
cheney;13922.18;13380;3.846154;4
custom;12398.15;10626;3.452092;3
generated;10917.3;10488;3.02834;3
BinTreeII_8192B_Y=5_2018-10-03:19:59:39/
cheney;15467.8;13766;4.253819;4
custom;11329.47;10282;3.13631;3
generated;11265.99;11022;3.102233;3
BinTreeII_8192B_Y=52_2018-10-03:20:07:03/
cheney;18734.02;12031;5.223938;4
custom;9831.552;8153;2.783784;2
generated;7631.656;7405;2.175676;2
BinTreeII_8192B_Y=53_2018-10-03:20:07:12/
cheney;23198.28;17252;6.485075;5
custom;8068.489;7326;2.326493;2
generated;9447.022;7600;2.619403;2
BinTreeII_8192B_Y=54_2018-10-03:20:07:20/
cheney;11788.01;10030;3.295327;3
custom;9104.994;7936;2.588785;2
generated;8216.845;7458;2.304673;2
BinTreeII_8192B_Y=55_2018-10-03:20:07:30/
cheney;16943.72;10834;4.727941;3
custom;9856.721;7507;2.685662;2
generated;7458.831;7282;2.084559;2
BinTreeII_8192B_Y=56_2018-10-03:20:07:39/
cheney;13378.73;10186;3.740806;3
custom;7697.296;7230;2.236427;2
generated;7790.715;7506;2.185639;2
BinTreeII_8192B_Y=57_2018-10-03:20:07:47/
cheney;9052.598;8718;2.553982;3
custom;8201.437;7504;2.299115;2
generated;8222.372;7700;2.309735;2
BinTreeII_8192B_Y=58_2018-10-03:20:07:57/
cheney;19426.28;16050;5.379599;4
custom;9410.231;7997;2.683946;2
generated;7842.582;7657;2.212375;2
BinTreeII_8192B_Y=59_2018-10-03:20:08:07/
cheney;14631.94;11200;4.082077;3
custom;12794.02;8586;3.691792;3
generated;7652.194;7360;2.162479;2
BinTreeII_8192B_Y=60_2018-10-03:20:08:17/
cheney;19001.15;12324;5.299187;3
custom;11386.23;7588;3.217886;2
generated;7974.179;7088;2.219512;2
BinTreeII_8192B_Y=61_2018-10-03:20:08:27/
cheney;16216.56;11514;4.577778;3
custom;8887.583;6540;2.557265;2
generated;6540.068;6302;1.841026;2
BinTreeII_8192B_Y=6_2018-10-03:19:59:49/
cheney;15205.86;11419;4.205446;3
custom;10559.3;8151;2.966584;2
generated;9315.01;8950;2.582921;2
BinTreeII_8192B_Y=62_2018-10-03:20:08:36/
cheney;19126.9;15590;5.283159;4
custom;8799.487;8580;2.500745;2
generated;9828.083;9808;2.749627;3
BinTreeII_8192B_Y=63_2018-10-03:20:08:46/
cheney;21257.28;15121;5.94012;4
custom;10623.4;8331;2.995509;2
generated;7920.383;7947;2.244012;2
BinTreeII_8192B_Y=64_2018-10-03:20:08:56/
cheney;17871.52;11936;4.992413;3
custom;8242.522;6692;2.349014;2
generated;7441.19;7370;2.068285;2
BinTreeII_8192B_Y=65_2018-10-03:20:09:04/
cheney;15400.74;11269;4.266537;3
custom;9758.074;8539;2.776265;2
generated;9718.619;9387;2.700389;3
BinTreeII_8192B_Y=66_2018-10-03:20:09:14/
cheney;24643.52;19858;6.890467;6
custom;9010.471;7374;2.608519;2
generated;7545.822;7318;2.127789;2
BinTreeII_8192B_Y=67_2018-10-03:20:09:24/
cheney;23730.88;16958;6.627413;5
custom;9719.853;7523;2.810811;2
generated;7397.846;7182;2.096525;2
BinTreeII_8192B_Y=68_2018-10-03:20:09:32/
cheney;10592.24;10698;2.974708;3
custom;9000.763;8305;2.535019;2
generated;9003.533;8745;2.494163;2
BinTreeII_8192B_Y=69_2018-10-03:20:09:41/
cheney;16647.78;11559;4.657303;3
custom;11725.67;8920;3.355805;3
generated;8209.127;7812;2.277154;2
BinTreeII_8192B_Y=70_2018-10-03:20:09:51/
cheney;26968.37;21384;7.490534;6
custom;12311.61;9182;3.414802;3
generated;9137.139;9398;2.562823;3
BinTreeII_8192B_Y=71_2018-10-03:20:10:01/
cheney;17812.53;12979;4.980072;4
custom;14250.51;10090;4.016304;3
generated;8082.649;7586;2.280797;2
BinTreeII_8192B_Y=7_2018-10-03:19:59:59/
cheney;22020.97;14664;6.060052;4
custom;9913.718;8404;2.808094;2
generated;8986.778;8419;2.52611;2
BinTreeII_8192B_Y=72_2018-10-03:20:10:09/
cheney;17282.02;12936;4.761827;4
custom;10656.22;8942;2.93801;3
generated;11060.11;10644;3.071778;3
BinTreeII_8192B_Y=73_2018-10-03:20:10:19/
cheney;21867.03;15823;6.05802;4
custom;10109.73;9132;2.875427;3
generated;8933.147;8388;2.491468;2
BinTreeII_8192B_Y=74_2018-10-03:20:10:29/
cheney;24786.65;16887;6.890476;5
custom;14625.76;9691;4.150794;3
generated;9160.841;9026;2.54127;2
BinTreeII_8192B_Y=75_2018-10-03:20:10:39/
cheney;19678.64;14317;5.467014;4
custom;10982.16;8099;3.121528;2
generated;8104.003;7348;2.246528;2
BinTreeII_8192B_Y=76_2018-10-03:20:10:48/
cheney;16681.33;15134;4.629247;4
custom;12564.32;10838;3.522895;3
generated;11594.75;11524;3.22452;3
BinTreeII_8192B_Y=77_2018-10-03:20:10:57/
cheney;23348.61;16432;6.4522;5
custom;12243.61;9984;3.429439;3
generated;12140.56;9684;3.37481;3
BinTreeII_8192B_Y=78_2018-10-03:20:11:07/
cheney;14045.79;11515;3.92268;3
custom;11130.9;7373;3.120275;2
generated;7580.326;6838;2.12543;2
BinTreeII_8192B_Y=79_2018-10-03:20:11:17/
cheney;17972.04;12596;4.967239;4
custom;11048.51;9110;3.101404;2
generated;8672.73;8278;2.439938;2
BinTreeII_8192B_Y=80_2018-10-03:20:11:27/
cheney;18001.05;15738;4.979947;4
custom;14832.86;12441;4.173797;3
generated;11820.47;11241;3.27139;3
BinTreeII_8192B_Y=81_2018-10-03:20:11:36/
cheney;26766.42;18834;7.156627;5
custom;9249.84;8405;2.623494;2
generated;9056.166;8641;2.5;2
BinTreeII_8192B_Y=8_2018-10-03:20:00:09/
cheney;18661.31;12388;5.203608;4
custom;8924.093;7958;2.462629;2
generated;8700.348;8377;2.427835;2
BinTreeII_8192B_Y=82_2018-10-03:20:11:45/
cheney;16739;11608;4.639716;3
custom;10329.48;9160;2.876596;3
generated;10947.35;9888;3.049645;3
BinTreeII_8192B_Y=83_2018-10-03:20:11:54/
cheney;22177.1;16914;6.154967;5
custom;12975.16;10198;3.618543;3
generated;9898.705;9648;2.754967;3
BinTreeII_8192B_Y=84_2018-10-03:20:12:04/
cheney;20573.98;13281;5.675953;4
custom;10105.3;7987;2.819648;2
generated;10049.44;8746;2.818182;2
BinTreeII_8192B_Y=85_2018-10-03:20:12:14/
cheney;19095.35;15494;5.338571;4
custom;9504.569;8730;2.711429;2
generated;9268.934;7870;2.597143;2
BinTreeII_8192B_Y=86_2018-10-03:20:12:22/
cheney;9294.799;7965;2.612745;2
custom;7215.632;6806;2.068627;2
generated;7919.544;7595;2.22549;2
BinTreeII_8192B_Y=87_2018-10-03:20:12:31/
cheney;18743.54;14136;5.278607;4
custom;10725.85;7249;3.106965;2
generated;6399.985;6076;1.838308;2
BinTreeII_8192B_Y=88_2018-10-03:20:12:41/
cheney;17457.78;10702;4.948655;3
custom;11066.18;7872;3.180929;2
generated;6905.374;6118;1.977995;2
BinTreeII_8192B_Y=89_2018-10-03:20:12:49/
cheney;8874.153;8466;2.503704;2
custom;7983.521;7062;2.259259;2
generated;6394.277;5664;1.817284;2
BinTreeII_8192B_Y=90_2018-10-03:20:12:59/
cheney;18457.41;12112;5.179487;4
custom;11202.39;8180;3.181818;2
generated;6918.294;7478;1.941725;2
BinTreeII_8192B_Y=91_2018-10-03:20:13:08/
cheney;24273.33;21020;6.771363;6
custom;8281.797;8090;2.404157;2
generated;6784.905;7130;1.930716;2
BinTreeII_8192B_Y=9_2018-10-03:20:00:17/
cheney;12597.38;11464;3.500686;3
custom;9967.712;8926;2.788752;3
generated;9588.823;8664;2.694102;3
BinTreeII_8192B_Y=92_2018-10-03:20:13:18/
cheney;16289.27;10434;4.580569;3
custom;8413.915;6644;2.443128;2
generated;7020.488;6349;2.007109;2
BinTreeII_8192B_Y=93_2018-10-03:20:13:28/
cheney;18931.96;12802;5.277273;4
custom;10458.37;7218;3.006818;2
generated;6571.732;6415;1.884091;2
BinTreeII_8192B_Y=94_2018-10-03:20:13:36/
cheney;15071.49;10996;4.185106;3
custom;10427;8653;2.957447;3
generated;8749.166;9102;2.42766;2
BinTreeII_8192B_Y=95_2018-10-03:20:13:45/
cheney;18098.34;12996;5.069196;4
custom;11100.36;8240;3.189732;2
generated;6824.616;6649;1.926339;2
BinTreeII_8192B_Y=96_2018-10-03:20:13:55/
cheney;20718.43;16462;5.838565;4.5
custom;8187.04;7295;2.421525;2
generated;6249.3;6404;1.795964;2
BinTreeII_8192B_Y=97_2018-10-03:20:14:05/
cheney;20876.82;14702;5.835938;4
custom;8395.656;7684;2.392578;2
generated;8491.449;8259;2.345703;2
BinTreeII_8192B_Y=98_2018-10-03:20:14:14/
cheney;20559.75;15055;5.766393;4
custom;9326.258;7705;2.643443;2
generated;7203.287;7368;2.026639;2
BinTreeII_8192B_Y=99_2018-10-03:20:14:23/
cheney;10029.17;9193;2.802905;3
custom;8283.199;7530;2.334025;2
generated;8039.369;7537;2.238589;2
BinTreeIII_8192B_C=10_2018-10-03:20:20:15/
cheney;13695.7;10964;3.827397;3
custom;9170.277;8445;2.584932;2
generated;9505.592;8960;2.684932;3
BinTreeIII_8192B_C=11_2018-10-03:20:20:24/
cheney;12886.97;12578;3.571623;3
custom;11006.75;8920;3.080491;3
generated;10415.95;9434;2.877217;3
BinTreeIII_8192B_C=1_2018-10-03:20:18:55/
cheney;12162.58;11521;3.348404;3
custom;10751.35;10160;3.006649;3
generated;10586.53;9816;2.962766;3
BinTreeIII_8192B_C=12_2018-10-03:20:20:33/
cheney;17293.67;13230;4.816825;4
custom;12347.18;8914;3.46133;3
generated;9474.562;8986;2.65943;3
BinTreeIII_8192B_C=13_2018-10-03:20:20:41/
cheney;12685.68;11704;3.517053;3
custom;11017.57;9576;3.08322;3
generated;10392;9490;2.874488;3
BinTreeIII_8192B_C=14_2018-10-03:20:20:51/
cheney;15433.32;11738;4.29932;3
custom;10058.7;8644;2.828571;2
generated;9904.678;9116;2.760544;3
BinTreeIII_8192B_C=15_2018-10-03:20:21:00/
cheney;12094.58;11470;3.362022;3
custom;12241.73;9390;3.434426;3
generated;11063.21;10383;3.079235;3
BinTreeIII_8192B_C=16_2018-10-03:20:21:09/
cheney;14733.64;11404;4.121045;3
custom;13536.53;9940;3.85282;3
generated;11348.72;9168;3.158184;3
BinTreeIII_8192B_C=17_2018-10-03:20:21:18/
cheney;13927;11502;3.846259;3
custom;9058.278;8446;2.521088;2
generated;10190.84;9346;2.823129;3
BinTreeIII_8192B_C=18_2018-10-03:20:21:27/
cheney;13596.04;11604;3.791105;3
custom;10502.14;8973;2.983827;3
generated;9633.03;9128;2.685984;3
BinTreeIII_8192B_C=19_2018-10-03:20:21:36/
cheney;13191.24;11464;3.647773;3
custom;13539.32;11304;3.784076;3
generated;10467.99;9510;2.905533;3
BinTreeIII_8192B_C=20_2018-10-03:20:21:45/
cheney;12417.83;11260;3.462567;3
custom;10325.45;8819;2.913102;3
generated;9769.754;9250;2.755348;3
BinTreeIII_8192B_C=21_2018-10-03:20:21:53/
cheney;11997.22;11238;3.351279;3
custom;10561.03;8986;2.962315;3
generated;10355.99;9536;2.874832;3
BinTreeIII_8192B_C=2_2018-10-03:20:19:04/
cheney;14186.2;10926;3.951857;3
custom;8339.791;7910;2.363136;2
generated;8657.213;8356;2.418157;2
BinTreeIII_8192B_C=22_2018-10-03:20:22:03/
cheney;13081.6;11146;3.678426;3
custom;10409.05;8648;2.907734;2
generated;10105.82;9418;2.799186;3
BinTreeIII_8192B_C=23_2018-10-03:20:22:11/
cheney;12282.69;11528;3.407258;3
custom;12270.61;10454;3.426075;3
generated;11136.93;10591;3.112903;3
BinTreeIII_8192B_C=24_2018-10-03:20:22:20/
cheney;15271.42;11252;4.263302;3
custom;10715.38;9292;2.991814;3
generated;9642.467;9098;2.694407;3
BinTreeIII_8192B_C=25_2018-10-03:20:22:29/
cheney;12216.42;11522;3.401907;3
custom;11713.33;10559;3.250681;3
generated;10716.05;9893;2.985014;3
BinTreeIII_8192B_C=26_2018-10-03:20:22:38/
cheney;14905.69;11235;4.140921;3
custom;11974.16;8957;3.378049;3
generated;9910.206;9331;2.791328;3
BinTreeIII_8192B_C=27_2018-10-03:20:22:46/
cheney;15732.82;12973;4.36376;4
custom;12438.7;10849;3.46049;3
generated;10690.51;9855;2.935967;3
BinTreeIII_8192B_C=28_2018-10-03:20:22:55/
cheney;12291.58;11267;3.401099;3
custom;9277.832;8247;2.549451;2
generated;9803.731;9283;2.758242;3
BinTreeIII_8192B_C=29_2018-10-03:20:23:04/
cheney;12584.8;12060;3.491204;3
custom;14871.65;11300;4.158322;3
generated;10546.55;9642;2.939107;3
BinTreeIII_8192B_C=30_2018-10-03:20:23:13/
cheney;12287.61;11216;3.43414;3
custom;9448.962;8653;2.669355;2
generated;9899.651;9284;2.768817;3
BinTreeIII_8192B_C=31_2018-10-03:20:23:22/
cheney;14110.49;12002;3.932969;3
custom;13321.87;11148;3.726402;3
generated;10643.08;9680;2.922025;3
BinTreeIII_8192B_C=3_2018-10-03:20:19:13/
cheney;13560.11;11318;3.758197;3
custom;11829.24;8441;3.308743;2
generated;10229.54;9007;2.848361;3
BinTreeIII_8192B_C=32_2018-10-03:20:23:31/
cheney;12562.46;11156;3.482993;3
custom;10609.19;8702;2.970068;3
generated;11466.74;9306;3.170068;3
BinTreeIII_8192B_C=33_2018-10-03:20:23:40/
cheney;12149.26;11448;3.350068;3
custom;13859.12;10770;3.819539;3
generated;11172.75;10666;3.086839;3
BinTreeIII_8192B_C=34_2018-10-03:20:23:49/
cheney;14362.71;11521;4.016304;3
custom;11537.07;9031;3.21875;3
generated;9798.957;9307;2.755435;3
BinTreeIII_8192B_C=35_2018-10-03:20:23:58/
cheney;14545.36;11987;4.0271;3
custom;11104.08;9486;3.086721;3
generated;10757.69;9834;3.006775;3
BinTreeIII_8192B_C=36_2018-10-03:20:24:07/
cheney;12729.17;11016;3.526171;3
custom;11203.48;8611;3.132231;2
generated;9787.085;9239;2.735537;3
BinTreeIII_8192B_C=37_2018-10-03:20:24:16/
cheney;12278.3;11346;3.431081;3
custom;11044.29;9989;3.060811;3
generated;10900.39;10211;3.035135;3
BinTreeIII_8192B_C=38_2018-10-03:20:24:25/
cheney;13659.84;11991;3.833333;3
custom;11444.45;9052;3.174731;3
generated;9815.172;9211;2.771505;3
BinTreeIII_8192B_C=39_2018-10-03:20:24:34/
cheney;14537.89;12322;3.948299;3
custom;13075.05;9428;3.621769;3
generated;10447.75;9660;2.912925;3
BinTreeIII_8192B_C=40_2018-10-03:20:24:43/
cheney;12390.52;11523;3.45283;3
custom;9871.903;8731;2.778976;3
generated;10084.35;9382;2.822102;3
BinTreeIII_8192B_C=41_2018-10-03:20:24:52/
cheney;14711.55;12647;4.065395;4
custom;13770.15;9909;3.83515;3
generated;11300.93;10892;3.144414;3
BinTreeIII_8192B_C=4_2018-10-03:20:19:21/
cheney;13207.09;11578;3.702332;3
custom;8648.225;8032;2.455418;2
generated;9575.01;8836;2.687243;3
BinTreeIII_8192B_C=42_2018-10-03:20:25:01/
cheney;15719.44;12022;4.374491;3
custom;10387.32;9130;2.903664;3
generated;9707.791;9136;2.690638;3
BinTreeIII_8192B_C=43_2018-10-03:20:25:09/
cheney;12565.02;11606;3.482289;3
custom;12739.27;9782;3.553134;3
generated;10138.45;9376;2.832425;3
BinTreeIII_8192B_C=44_2018-10-03:20:25:19/
cheney;13534.64;11304;3.780952;3
custom;11051.21;9486;3.091156;3
generated;9918.814;9282;2.797279;3
BinTreeIII_8192B_C=45_2018-10-03:20:25:27/
cheney;16280.59;12698;4.504775;4
custom;12428.76;10170;3.46794;3
generated;10653.83;9722;2.941337;3
BinTreeIII_8192B_C=46_2018-10-03:20:25:37/
cheney;13234.12;11456;3.670285;3
custom;13400.99;9934;3.776119;3
generated;9993.867;9090;2.781547;3
BinTreeIII_8192B_C=47_2018-10-03:20:25:45/
cheney;12970.52;13152;3.604651;4
custom;12035.76;9556;3.359781;3
generated;10428.57;9538;2.880985;3
BinTreeIII_8192B_C=48_2018-10-03:20:25:54/
cheney;14165.5;12420;3.99594;4
custom;10449.04;8982;2.887686;3
generated;9769.004;9278;2.740189;3
BinTreeIII_8192B_C=49_2018-10-03:20:26:03/
cheney;12758.23;11798;3.542625;3
custom;11420.16;10020;3.188092;3
generated;10605.19;9646;2.902571;3
BinTreeIII_8192B_C=50_2018-10-03:20:26:12/
cheney;12996.13;11149;3.648501;3
custom;10697.3;8685;2.991826;2.5
generated;9789.924;9166;2.769755;3
BinTreeIII_8192B_C=51_2018-10-03:20:26:20/
cheney;11821;11209;3.276423;3
custom;11351.3;10132;3.162602;3
generated;10807.23;9913;2.99187;3
BinTreeIII_8192B_C=5_2018-10-03:20:19:30/
cheney;13769.97;11616;3.81965;3
custom;9477.217;8330;2.641992;2
generated;10147.94;9346;2.788694;3
BinTreeIII_8192B_C=52_2018-10-03:20:26:29/
cheney;12028.67;11183;3.376694;3
custom;10115.04;8714;2.825203;3
generated;10145.53;9626;2.882114;3
BinTreeIII_8192B_C=53_2018-10-03:20:26:38/
cheney;14168.27;12534;3.927793;3
custom;12353.87;10607;3.438692;3
generated;11313.02;11201;3.094005;3
BinTreeIII_8192B_C=54_2018-10-03:20:26:47/
cheney;15554.03;11979;4.326975;3
custom;12790.31;10041;3.591281;3
generated;9773.322;9224;2.678474;3
BinTreeIII_8192B_C=55_2018-10-03:20:26:56/
cheney;12038.36;11421;3.33288;3
custom;11858.97;9221;3.307065;3
generated;10468.11;9709;2.899457;3
BinTreeIII_8192B_C=56_2018-10-03:20:27:05/
cheney;11868.03;11100;3.347527;3
custom;10838.34;8627;3.043956;3
generated;9879.484;9262;2.75;3
BinTreeIII_8192B_C=57_2018-10-03:20:27:14/
cheney;13177.86;12440;3.639946;3
custom;12181.64;9555;3.39538;3
generated;11601.01;10148;3.214674;3
BinTreeIII_8192B_C=58_2018-10-03:20:27:23/
cheney;14953.65;11677;4.154472;3
custom;12558.99;9486;3.50271;3
generated;9816.425;9287;2.741192;3
BinTreeIII_8192B_C=59_2018-10-03:20:27:32/
cheney;12049.74;11435;3.328804;3
custom;12379.89;10031;3.46875;3
generated;11094.94;10694;3.096467;3
BinTreeIII_8192B_C=60_2018-10-03:20:27:41/
cheney;14147.02;11763;3.945946;3
custom;10872.8;8865;3.040541;3
generated;10226.83;9360;2.863514;3
BinTreeIII_8192B_C=61_2018-10-03:20:27:49/
cheney;12971.38;12230;3.580952;3
custom;10849.3;9410;3.035374;3
generated;10510.71;9538;2.865306;3
BinTreeIII_8192B_C=6_2018-10-03:20:19:39/
cheney;13374.36;11235;3.721918;3
custom;12048.62;8865;3.40411;3
generated;9375.795;8902;2.60411;2
BinTreeIII_8192B_C=62_2018-10-03:20:27:58/
cheney;12599.39;11829;3.513477;3
custom;10297.41;8816;2.886792;3
generated;9493.143;9088;2.630728;3
BinTreeIII_8192B_C=63_2018-10-03:20:28:07/
cheney;14561.17;12145;3.995913;3
custom;12689.01;10111;3.550409;3
generated;10225.75;9427;2.837875;3
BinTreeIII_8192B_C=64_2018-10-03:20:28:16/
cheney;12925.52;11294;3.584345;3
custom;9257.711;8578;2.604588;2
generated;10255.72;9638;2.932524;3
BinTreeIII_8192B_C=65_2018-10-03:20:28:24/
cheney;13055.36;11958;3.600812;3
custom;12750.2;9618;3.546685;3
generated;10452.68;9628;2.872801;3
BinTreeIII_8192B_C=66_2018-10-03:20:28:34/
cheney;13434.11;11458;3.733871;3
custom;10081.32;8965;2.830645;3
generated;9462.651;9098;2.674731;3
BinTreeIII_8192B_C=67_2018-10-03:20:28:42/
cheney;13667.83;11505;3.787062;3
custom;13410.92;11156;3.71159;3
generated;10988.43;10413;3.060647;3
BinTreeIII_8192B_C=68_2018-10-03:20:28:51/
cheney;13817.6;12030;3.857335;3
custom;11294.97;8980;3.204576;3
generated;9982.538;9408;2.759085;3
BinTreeIII_8192B_C=69_2018-10-03:20:29:00/
cheney;14047.84;12090;3.884824;3
custom;11268.19;9236;3.153117;3
generated;10871.7;9964;3;3
BinTreeIII_8192B_C=70_2018-10-03:20:29:09/
cheney;12842.61;11110;3.612991;3
custom;9770.068;8490;2.859269;2
generated;9690.373;9202;2.709066;3
BinTreeIII_8192B_C=71_2018-10-03:20:29:18/
cheney;16110.39;13870;4.470748;4
custom;10009;8890;2.813605;3
generated;10629.82;9836;2.956463;3
BinTreeIII_8192B_C=7_2018-10-03:20:19:48/
cheney;12799.23;11004;3.544582;3
custom;10603.7;8806;2.943759;3
generated;10079.23;9188;2.798354;3
BinTreeIII_8192B_C=72_2018-10-03:20:29:27/
cheney;14746.23;12320;4.098516;3
custom;9414.613;8846;2.673414;3
generated;9897.042;9338;2.775978;3
BinTreeIII_8192B_C=73_2018-10-03:20:29:36/
cheney;12884.71;11978;3.524899;3
custom;13125.51;10716;3.656797;3
generated;10229.21;9502;2.827725;3
BinTreeIII_8192B_C=74_2018-10-03:20:29:45/
cheney;12193.72;11236;3.398363;3
custom;13186.17;10000;3.657572;3
generated;9974.265;9400;2.822647;3
BinTreeIII_8192B_C=75_2018-10-03:20:29:53/
cheney;13070.87;11850;3.646424;3
custom;12016.99;9670;3.354926;3
generated;10580.23;9650;2.896086;3
BinTreeIII_8192B_C=8_2018-10-03:20:19:57/
cheney;13588.98;11452;3.8107;3
custom;12277.64;9248;3.443073;3
generated;10818.33;9034;3.027435;3
BinTreeIII_8192B_C=9_2018-10-03:20:20:06/
cheney;12099.8;11296;3.366848;3
custom;11594.03;10226;3.226902;3
generated;10601.41;9698;2.976902;3
BinTreeIV_1048576B_C=_2018-10-03:20:35:21/
cheney;959402.3;947612;259.8069;257
custom;672352.9;666096;182.2077;180
generated;756970.8;752228;205.1158;204
BinTreeIV_131072B_C=_2018-10-03:20:31:12/
cheney;133505.3;121498;36.22059;33
custom;95537.4;83771;25.91578;23
generated;98992.98;96162;26.87567;26
BinTreeIV_16384B_C=_2018-10-03:20:30:12/
cheney;21080.29;19386;5.758621;5
custom;16816.96;13505;4.651194;4
generated;17611.42;16033;4.864721;5
BinTreeIV_2097152B_C=_2018-10-03:20:39:43/
cheney;1908367;1887050;516.376;511
custom;1338617;1326179;362.404;359
generated;1510212;1486544;408.8413;403
BinTreeIV_262144B_C=_2018-10-03:20:31:53/
cheney;251839.6;239384;68.32443;65
custom;175132.2;166884;47.57276;45
generated;194443.9;191978;52.80374;52
BinTreeIV_32768B_C=_2018-10-03:20:30:27/
cheney;43644.82;34219;11.94562;9
custom;31329.32;23812;8.61008;7
generated;27283.31;26692;7.490716;7
BinTreeIV_4194304B_C=_2018-10-03:20:46:51/
cheney;3976059;3786857;1075.789;1025
custom;2748400;2676289;743.8373;725
generated;3116780;2985031;843.6547;808
BinTreeIV_524288B_C=_2018-10-03:20:33:05/
cheney;480087.6;474383;130.1667;129
custom;339908.1;334732;92.22667;91
generated;383044.7;374991;103.9107;102
BinTreeIV_65536B_C=_2018-10-03:20:30:46/
cheney;74125.29;62746;20.09237;17
custom;52188.48;43574;14.23025;12
generated;53095.76;50772;14.46185;14
BinTreeIV_8192B_C=_2018-10-03:20:30:03/
cheney;13644.86;11892;3.788595;3
custom;8133.833;7360;2.328234;2
generated;8818.225;8234;2.499305;2
BinTreeIV_8388608B_C=_2018-10-03:21:00:13/
cheney;8218353;7640337;2223.212;2067
custom;5622164;5415284;1520.728;1464.5
generated;6300033;6024823;1703.911;1630
GraphI_8192B_Z=10_2018-10-03:21:01:42/
cheney;11654.2;10035;3.388889;3
custom;8093.762;5890;2.427509;2
generated;3660.17;3344;1.07037;1
GraphI_8192B_Z=11_2018-10-03:21:01:50/
cheney;6800.832;4222;1.942652;1
custom;4632.148;4230;1.369004;1
generated;4533.118;3922;1.311828;1
GraphI_8192B_Z=1_2018-10-03:21:00:22/
cheney;11194.81;11784;3.392593;4
custom;7375.91;5898;2.212687;2
generated;3214.444;2959;0.937037;1
GraphI_8192B_Z=12_2018-10-03:21:01:59/
cheney;10350.04;7670;2.974638;2
custom;7008.619;5436;2.104478;2
generated;3926.587;3613;1.097826;1
GraphI_8192B_Z=13_2018-10-03:21:02:08/
cheney;13211.49;14808;3.841912;4
custom;6272.404;5098;1.928839;2
generated;3788.081;3516;1.058824;1
GraphI_8192B_Z=14_2018-10-03:21:02:16/
cheney;4560.051;3743;1.343066;1
custom;4787.489;3901;1.411111;1
generated;4174.015;3672;1.178832;1
GraphI_8192B_Z=15_2018-10-03:21:02:25/
cheney;10555.84;8679;3.087591;3
custom;9599.48;7856;2.843866;2
generated;4253.409;3680;1.193431;1
GraphI_8192B_Z=16_2018-10-03:21:02:35/
cheney;11592.94;8599;3.348921;2
custom;7072.104;5928;2.081784;2
generated;4237.871;3959;1.230216;1
GraphI_8192B_Z=17_2018-10-03:21:02:42/
cheney;4631.087;4063;1.32971;1
custom;3619.413;3076;1.048327;1
generated;4912.819;4080;1.413043;1
GraphI_8192B_Z=18_2018-10-03:21:02:52/
cheney;13458.77;11990;3.821429;3
custom;6533.585;5366;1.9;2
generated;4196.064;3849;1.228571;1
GraphI_8192B_Z=19_2018-10-03:21:03:01/
cheney;9715.24;4894;2.810036;2
custom;9284.778;5374;2.422222;2
generated;5336.781;3940;1.562724;1
GraphI_8192B_Z=20_2018-10-03:21:03:09/
cheney;6460.512;5614;1.857651;2
custom;5550.738;4492;1.627306;1
generated;5157.523;4504;1.483986;1
GraphI_8192B_Z=21_2018-10-03:21:03:18/
cheney;11743.81;7791;3.371429;2
custom;8632.37;7099;2.57037;2
generated;4678.6;4232;1.325;1
GraphI_8192B_Z=2_2018-10-03:21:00:30/
cheney;4857.628;3668;1.423792;1
custom;4728.33;3940;1.382022;1
generated;4006.959;3356;1.144981;1
GraphI_8192B_Z=22_2018-10-03:21:03:27/
cheney;13162.48;12035;3.780142;3
custom;6953.24;6116;2.077491;2
generated;4579;4212;1.287234;1
GraphI_8192B_Z=23_2018-10-03:21:03:36/
cheney;8588.44;4736;2.404255;1
custom;7128.753;5028;2.081181;2
generated;5364.319;4703;1.560284;2
GraphI_8192B_Z=24_2018-10-03:21:03:45/
cheney;9716.064;5314;2.805654;2
custom;5967.881;4093;1.755556;1
generated;4863.074;4428;1.448763;1
GraphI_8192B_Z=25_2018-10-03:21:03:53/
cheney;9037.28;6283;2.534965;2
custom;5554.331;4692;1.621324;1
generated;5218;4556;1.465035;1
GraphI_8192B_Z=26_2018-10-03:21:04:02/
cheney;11031.36;6685;3.157343;2
custom;6988;5230;2.087912;2
generated;6027.147;4412;1.702797;1
GraphI_8192B_Z=27_2018-10-03:21:04:12/
cheney;14452.34;14267;4.164336;4
custom;6130.406;5450;1.789668;2
generated;4738.965;4404;1.321678;1
GraphI_8192B_Z=28_2018-10-03:21:04:22/
cheney;12837.28;8558;3.677083;2.5
custom;8925.64;6263;2.613971;2
generated;5164.16;4678;1.388889;1
GraphI_8192B_Z=29_2018-10-03:21:04:29/
cheney;6262.821;6470;1.765517;2
custom;4548.331;4693;1.334559;1
generated;6141.841;6302;1.741379;2
GraphI_8192B_Z=30_2018-10-03:21:04:38/
cheney;15744.31;14398;4.42268;4
custom;7198.384;5594;2.092251;2
generated;4897.127;4674;1.367698;1
GraphI_8192B_Z=31_2018-10-03:21:04:48/
cheney;18484.98;19696;5.249135;6
custom;7844.278;6664;2.304029;2
generated;4918.208;4662;1.352941;1
GraphI_8192B_Z=3_2018-10-03:21:00:40/
cheney;8697.576;6838;2.565056;2
custom;5577.461;4466;1.689139;1
generated;3463.851;3000;0.9591078;1
GraphI_8192B_Z=32_2018-10-03:21:04:55/
cheney;6414.74;6748;1.868512;2
custom;4602.578;4670;1.314815;1
generated;5807.571;4954;1.629758;2
GraphI_8192B_Z=33_2018-10-03:21:05:05/
cheney;11703.75;5558;3.276451;2
custom;8104.338;5398;2.408088;2
generated;5591.256;5026;1.593857;2
GraphI_8192B_Z=34_2018-10-03:21:05:14/
cheney;18175.55;17564;5.175258;5
custom;7353.706;6005;2.172794;2
generated;5190.749;4828;1.501718;1
GraphI_8192B_Z=35_2018-10-03:21:05:22/
cheney;9647.342;7239;2.691781;2
custom;4562.657;4660;1.298893;1
generated;5932.527;5129;1.684932;2
GraphI_8192B_Z=36_2018-10-03:21:05:31/
cheney;14611.45;11612;4.161616;3
custom;8478.16;6488;2.52;2
generated;5514.956;5018;1.569024;2
GraphI_8192B_Z=37_2018-10-03:21:05:40/
cheney;18431.95;16952;5.251678;5
custom;7180.362;5780;2.148551;2
generated;5644.591;5180;1.607383;2
GraphI_8192B_Z=38_2018-10-03:21:05:49/
cheney;8557.521;5395;2.390411;2
custom;7014.423;5104;2.051095;2
generated;6865.952;7358;1.938356;2
GraphI_8192B_Z=39_2018-10-03:21:05:58/
cheney;16232.19;15223;4.614094;4
custom;7801.921;5730;2.314079;2
generated;5304.913;5090;1.516779;1
GraphI_8192B_Z=40_2018-10-03:21:06:08/
cheney;15478.48;12698;4.387755;4
custom;9848.754;7522;2.84058;2
generated;5365.442;5018;1.52381;1
GraphI_8192B_Z=41_2018-10-03:21:06:18/
cheney;9196.25;5841;2.605263;2
custom;10021.85;7560;2.953405;2
generated;5901.178;5439;1.664474;2
GraphI_8192B_Z=4_2018-10-03:21:00:49/
cheney;8718.689;6323;2.581481;2
custom;6186.754;4799;1.869403;2
generated;3222.459;2983;0.9592593;1
GraphI_8192B_Z=42_2018-10-03:21:06:26/
cheney;8909.824;7498;2.522034;2
custom;5240.701;5169;1.507299;1
generated;6407.586;5592;1.776271;2
GraphI_8192B_Z=43_2018-10-03:21:06:36/
cheney;8334.517;5878;2.385906;2
custom;11018.66;8604;3.2;3
generated;6076.436;5383;1.731544;2
GraphI_8192B_Z=44_2018-10-03:21:06:45/
cheney;11775.01;6398;3.335548;2
custom;6814.815;4496;1.996364;1
generated;5893.535;5488;1.657807;2
GraphI_8192B_Z=45_2018-10-03:21:06:54/
cheney;12449.65;8126;3.470199;2
custom;7933.444;6528;2.238267;2
generated;5915.444;5458;1.675497;2
GraphI_8192B_Z=46_2018-10-03:21:07:03/
cheney;17599.45;13487;4.944805;4
custom;8145.82;6135;2.374101;2
generated;6481.058;5878;1.876623;2
GraphI_8192B_Z=47_2018-10-03:21:07:13/
cheney;17701.82;16687;5.016447;5
custom;8222.932;5516;2.430108;2
generated;6509.849;5752;1.825658;2
GraphI_8192B_Z=48_2018-10-03:21:07:21/
cheney;14353.23;8244;4.081967;2
custom;6492.748;5092;1.913669;1
generated;6133.351;5660;1.701639;2
GraphI_8192B_Z=49_2018-10-03:21:07:29/
cheney;8808.717;7046;2.480263;2
custom;7142.943;5304;2.053571;2
generated;6337.342;5644;1.717105;2
GraphI_8192B_Z=50_2018-10-03:21:07:39/
cheney;16988.65;13560;4.812903;4
custom;9119.829;7532;2.686833;2
generated;6674.49;5930;1.954839;2
GraphI_8192B_Z=51_2018-10-03:21:07:48/
cheney;13287.4;8916;3.775244;3
custom;5023.054;4448;1.516129;1
generated;6621.322;5718;1.830619;2
GraphI_8192B_Z=5_2018-10-03:21:00:57/
cheney;3954.963;3686;1.218519;1
custom;4083.822;3733;1.17037;1
generated;3942.259;3352;1.103704;1
GraphI_8192B_Z=52_2018-10-03:21:07:56/
cheney;11761.61;8609;3.279221;2
custom;6345.071;5020;1.864286;1
generated;6158.935;5734;1.730519;2
GraphI_8192B_Z=53_2018-10-03:21:08:05/
cheney;11191.42;6512;3.186885;2
custom;6443.814;5377;1.903571;2
generated;6629.692;6006;1.859016;2
GraphI_8192B_Z=54_2018-10-03:21:08:15/
cheney;14542.96;9590;4.151125;3
custom;8832.793;6380;2.607143;2
generated;6683.177;5976;1.909968;2
GraphI_8192B_Z=55_2018-10-03:21:08:25/
cheney;16810.82;9810;4.677316;3
custom;8075.586;5595;2.378571;2
generated;6556.115;6132;1.830671;2
GraphI_8192B_Z=56_2018-10-03:21:08:33/
cheney;15151.38;9521;4.24359;3
custom;6595.821;5520;1.953571;2
generated;7476.224;6567;2.13141;2
GraphI_8192B_Z=57_2018-10-03:21:08:42/
cheney;21723.43;18920;6.130573;5
custom;6510.824;6188;1.917563;2
generated;6803.943;6204;1.888535;2
GraphI_8192B_Z=58_2018-10-03:21:08:52/
cheney;19157.32;16854;5.434921;5
custom;8711.8;6418;2.553571;2
generated;6621.949;6000;1.809524;2
GraphI_8192B_Z=59_2018-10-03:21:09:01/
cheney;17599;12840;4.968254;4
custom;9050.207;6397;2.675;2
generated;6737.41;6270;1.898413;2
GraphI_8192B_Z=60_2018-10-03:21:09:10/
cheney;12618.17;9106;3.552381;2
custom;6796.747;5430;1.950178;2
generated;8201.124;8758;2.269841;2
GraphI_8192B_Z=61_2018-10-03:21:09:19/
cheney;16606.37;8748;4.663492;3
custom;10799.41;7892;3.114695;2
generated;7075.924;6246;2.003175;2
GraphI_8192B_Z=6_2018-10-03:21:01:06/
cheney;12069.57;13096;3.518657;4
custom;6248.165;5005;1.857143;2
generated;3170.164;2946;0.8955224;1
GraphI_8192B_Z=62_2018-10-03:21:09:29/
cheney;17893.77;13913;5.044872;4
custom;8968.157;6721;2.625;2
generated;6421.487;6084;1.823718;2
GraphI_8192B_Z=63_2018-10-03:21:09:37/
cheney;10767.92;9444;3.021875;2
custom;5445.95;4310;1.558719;1
generated;7756.575;6759;2.19375;2
GraphI_8192B_Z=64_2018-10-03:21:09:47/
cheney;16532.71;10231;4.634375;3
custom;8940.364;6271;2.55;2
generated;6788.25;6380;1.915625;2
GraphI_8192B_Z=65_2018-10-03:21:09:56/
cheney;17999.78;13242;5.124611;4
custom;7868.587;5716;2.293286;2
generated;7188.318;6576;2;2
GraphI_8192B_Z=66_2018-10-03:21:10:04/
cheney;14723.62;9246;4.124224;3
custom;7330.851;6360;2.138298;2
generated;7385.236;6602;2.062112;2
GraphI_8192B_Z=67_2018-10-03:21:10:15/
cheney;14930.25;8068;4.172308;2
custom;12291.84;10922;3.551601;3
generated;7591.858;6964;2.138462;2
GraphI_8192B_Z=68_2018-10-03:21:10:24/
cheney;18550.96;13328;5.209877;4
custom;8035.221;5780;2.371429;2
generated;7215.611;6715;2.052469;2
GraphI_8192B_Z=69_2018-10-03:21:10:32/
cheney;11165.02;9402;3.138037;2
custom;6445.512;5348;1.855124;1
generated;10728.29;7265;2.981595;2
GraphI_8192B_Z=70_2018-10-03:21:10:42/
cheney;14668.4;8680;4.12844;3
custom;10015.05;7864;2.868327;2
generated;7644.086;6938;2.140673;2
GraphI_8192B_Z=71_2018-10-03:21:10:52/
cheney;21619.34;16907;6.045455;5
custom;7737.148;6306;2.28169;2
generated;7711.061;6958;2.133333;2
GraphI_8192B_Z=7_2018-10-03:21:01:15/
cheney;10843.26;9721;3.154412;3
custom;5728.03;4572;1.762082;1
generated;3541.89;3270;1;1
GraphI_8192B_Z=72_2018-10-03:21:11:01/
cheney;11886.33;7410;3.35514;2
custom;7165.085;5331;2.120567;2
generated;7382.723;6780;2.109034;2
GraphI_8192B_Z=73_2018-10-03:21:11:10/
cheney;17315.23;12470;4.832335;4
custom;8834.345;6659;2.598592;2
generated;9123.425;9114;2.523952;2
GraphI_8192B_Z=74_2018-10-03:21:11:19/
cheney;13918.34;8156;3.933934;2
custom;7197.507;4551;2.088028;1
generated;7704.583;7190;2.168168;2
GraphI_8192B_Z=75_2018-10-03:21:11:27/
cheney;14373;11058;4.051051;3
custom;5445.413;5454;1.583916;1
generated;9204.763;9146;2.561562;2
GraphI_8192B_Z=76_2018-10-03:21:11:36/
cheney;12418.28;8440;3.486804;3
custom;10289.21;6406;2.968641;2
generated;8037.238;7418;2.281525;2
GraphI_8192B_Z=77_2018-10-03:21:11:45/
cheney;16749.17;9172;4.700906;3
custom;10362.65;6551;3.003472;2
generated;7818.048;7146;2.163142;2
GraphI_8192B_Z=78_2018-10-03:21:11:53/
cheney;11872.55;9356;3.363363;3
custom;6975.832;5680;1.989474;2
generated;8803.015;7762;2.504505;2
GraphI_8192B_Z=79_2018-10-03:21:12:03/
cheney;17331.65;9685;4.837349;3
custom;8393.563;5902;2.394366;2
generated;7756.831;7086;2.183735;2
GraphI_8192B_Z=80_2018-10-03:21:12:12/
cheney;16302.76;9217;4.547059;3
custom;10032;5662;2.898601;2
generated;8402.641;7410;2.355882;2
GraphI_8192B_Z=81_2018-10-03:21:12:21/
cheney;18829.12;12558;5.28655;4
custom;7895.672;6022;2.264808;2
generated;8290.444;7542;2.289474;2
GraphI_8192B_Z=8_2018-10-03:21:01:23/
cheney;5627;4419;1.584559;1
custom;5404.388;4023;1.570896;1
generated;4192.213;3606;1.205882;1
GraphI_8192B_Z=82_2018-10-03:21:12:30/
cheney;15099.51;10254;4.214076;3
custom;7382.941;6046;2.118467;2
generated;9647.15;10404;2.680352;3
GraphI_8192B_Z=83_2018-10-03:21:12:39/
cheney;25106.84;19180;6.926686;5
custom;7709.944;6072;2.3125;2
generated;7990.276;7380;2.219941;2
GraphI_8192B_Z=84_2018-10-03:21:12:48/
cheney;17566.49;9994;4.902579;3
custom;7376.228;5456;2.1;2
generated;9565.685;8104;2.722063;2
GraphI_8192B_Z=85_2018-10-03:21:12:56/
cheney;11027.47;9419;3.098266;3
custom;6269.542;5969;1.836806;2
generated;9667.96;8363;2.699422;3
GraphI_8192B_Z=86_2018-10-03:21:13:05/
cheney;20986.44;15558;5.881844;4
custom;9937.7;7558;2.87108;2
generated;8619.303;7802;2.449568;2
GraphI_8192B_Z=87_2018-10-03:21:13:14/
cheney;20941.46;15438;5.886297;4
custom;7351.847;6108;2.160279;2
generated;8507.965;7728;2.38484;2
GraphI_8192B_Z=88_2018-10-03:21:13:24/
cheney;17949.63;9188;4.997126;3
custom;7675.266;6040;2.231834;2
generated;8801.414;7960;2.494253;2
GraphI_8192B_Z=89_2018-10-03:21:13:33/
cheney;19288.03;12229;5.351429;3
custom;9032.853;6707;2.611888;2
generated;10120.7;9468;2.82;3
GraphI_8192B_Z=90_2018-10-03:21:13:42/
cheney;24618.02;22518;6.931034;6
custom;7831.876;6465;2.272414;2
generated;8463.58;7847;2.37931;2
GraphI_8192B_Z=91_2018-10-03:21:13:50/
cheney;18100.31;12058;5.020408;3
custom;6098.268;5732;1.769759;2
generated;9912.618;10508;2.725948;3
GraphI_8192B_Z=9_2018-10-03:21:01:32/
cheney;11966.51;10274;3.498155;3
custom;7986.893;5722;2.391144;2
generated;3508.229;3220;1.01845;1
GraphI_8192B_Z=92_2018-10-03:21:14:00/
cheney;29041.86;26621;8.10452;7
custom;7799.345;6232;2.32069;2
generated;8940.514;7993;2.49435;2
GraphI_8192B_Z=93_2018-10-03:21:14:09/
cheney;15714.3;10353;4.435028;3
custom;8913.917;6438;2.574394;2
generated;8919.864;8064;2.553672;2
GraphI_8192B_Z=94_2018-10-03:21:14:17/
cheney;19880.94;12722;5.578082;3
custom;7653.12;5284;2.226804;2
generated;10026.78;8542;2.852055;3
GraphI_8192B_Z=95_2018-10-03:21:14:26/
cheney;24372.3;19520;6.74359;6
custom;8230.797;6638;2.429553;2
generated;11316.41;8246;3.193732;2
GraphII_8192B_Y=1_2018-10-03:21:14:37/
cheney;12780.96;8787;3.609774;3
custom;7733.598;6759;2.165414;2
generated;9145.714;8579;2.533835;2
GraphII_8192B_Y=2_2018-10-03:21:14:46/
cheney;7973.051;6858;2.247241;2
custom;6408.218;6790;1.791716;2
generated;9115.426;10000;2.554084;3
GraphII_8192B_Y=3_2018-10-03:21:14:56/
cheney;9962.33;6866;2.826087;2
custom;8527.713;5900;2.437326;2
generated;8070.818;6489;2.267263;2
GraphII_8192B_Y=4_2018-10-03:21:15:06/
cheney;8338.51;6440;2.351166;2
custom;7436.351;4742;2.178517;1
generated;6899.501;6202;1.925926;2
GraphII_8192B_Y=5_2018-10-03:21:15:15/
cheney;8188.606;6493;2.286957;2
custom;5495.7;5339;1.583067;1
generated;7116.71;6251;2.018841;2
GraphII_8192B_Y=6_2018-10-03:21:15:25/
cheney;14344.43;9184;3.984779;3
custom;4925.784;3858;1.463744;1
generated;6336.591;5634;1.789954;2
GraphII_8192B_Y=7_2018-10-03:21:15:35/
cheney;11227.2;8470;3.172684;2
custom;5312.545;3901;1.575862;1
generated;5787.837;5268;1.627943;2
GraphII_8192B_Y=8_2018-10-03:21:15:43/
cheney;8506.365;7772;2.36478;2
custom;4134.021;3342;1.225131;1
generated;6479.28;5592;1.83805;2
GraphII_8192B_Y=9_2018-10-03:21:15:53/
cheney;10555.46;6432;2.98374;2
custom;5566.813;4481;1.660072;1
generated;5748.79;5278;1.658537;2
GraphIII_8192B_C=10_2018-10-03:21:17:24/
cheney;8157.666;7642;2.309091;2
custom;6014.147;4505;1.663603;1
generated;6742.192;5924;1.890909;2
GraphIII_8192B_C=11_2018-10-03:21:17:32/
cheney;7793.028;6824;2.230894;2
custom;4784.606;3842;1.430657;1
generated;5981.044;5394;1.647154;2
GraphIII_8192B_C=1_2018-10-03:21:16:04/
cheney;10255.79;6782;2.900813;2
custom;6419.55;4736;1.878403;1
generated;5905.33;5434;1.725203;2
GraphIII_8192B_C=12_2018-10-03:21:17:41/
cheney;7963.263;6861;2.282895;2
custom;5528.169;4302;1.616514;1
generated;6866.401;6786;1.930921;2
GraphIII_8192B_C=13_2018-10-03:21:17:51/
cheney;11653.58;7810;3.320724;2
custom;4894.161;3794;1.444037;1
generated;5894.049;5441;1.710526;2
GraphIII_8192B_C=14_2018-10-03:21:17:59/
cheney;7366.619;6044;2.08752;2
custom;4977.368;4092;1.46824;1
generated;6526.182;5680;1.833063;2
GraphIII_8192B_C=15_2018-10-03:21:18:08/
cheney;8148.303;6347;2.296053;2
custom;4372.121;3591;1.326007;1
generated;5735.474;5326;1.646382;2
GraphIII_8192B_C=16_2018-10-03:21:18:16/
cheney;6674.911;6030;1.870492;2
custom;4591.963;3318;1.325411;1
generated;6418.164;5633;1.822951;2
GraphIII_8192B_C=17_2018-10-03:21:18:25/
cheney;7154.697;6107;2.037829;2
custom;4757.118;3628;1.450185;1
generated;6108.638;5536;1.751645;2
GraphIII_8192B_C=18_2018-10-03:21:18:33/
cheney;6731.917;6094;1.900498;2
custom;6440.291;4942;1.834254;2
generated;6513.406;5798;1.839138;2
GraphIII_8192B_C=19_2018-10-03:21:18:42/
cheney;8703.213;7719;2.503279;2
custom;5990.015;4115;1.801471;1
generated;5903.18;5435;1.668852;2
GraphIII_8192B_C=20_2018-10-03:21:18:51/
cheney;6738.779;5982;1.91162;2
custom;5111.505;3422;1.487179;1
generated;6272.357;5614;1.780687;2
GraphIII_8192B_C=21_2018-10-03:21:19:00/
cheney;10903.28;7261;3.076547;2
custom;6585.759;4606;1.963504;1
generated;6054.026;5365;1.741042;2
GraphIII_8192B_C=2_2018-10-03:21:16:13/
cheney;8333.217;6564;2.361983;2
custom;5901.314;4781;1.684307;1
generated;6473.884;5584;1.866116;2
GraphIII_8192B_C=22_2018-10-03:21:19:10/
cheney;13765.03;9046;3.93801;3
custom;4343.8;3680;1.311475;1
generated;6201.749;5386;1.822186;2
GraphIII_8192B_C=23_2018-10-03:21:19:20/
cheney;15000.32;10407;4.232899;3
custom;4096.355;3514;1.274223;1
generated;5548.228;5305;1.558632;2
GraphIII_8192B_C=24_2018-10-03:21:19:28/
cheney;8542.088;7358;2.4323;2
custom;4340.196;3694;1.277677;1
generated;6760.01;5926;1.900489;2
GraphIII_8192B_C=25_2018-10-03:21:19:37/
cheney;11498.39;8510;3.229508;2
custom;4842.647;3920;1.436929;1
generated;5987.6;5409;1.695082;2
GraphIII_8192B_C=26_2018-10-03:21:19:47/
cheney;12302.72;8886;3.450245;3
custom;5377.176;4398;1.606227;1
generated;6060.401;5440;1.71615;2
GraphIII_8192B_C=27_2018-10-03:21:19:57/
cheney;12882.85;8640;3.653595;3
custom;4854.982;3840;1.470696;1
generated;5824.216;5374;1.666667;2
GraphIII_8192B_C=28_2018-10-03:21:20:06/
cheney;13061.66;9232;3.698517;3
custom;4022.328;3521;1.252768;1
generated;5710;5344;1.607908;2
GraphIII_8192B_C=29_2018-10-03:21:20:14/
cheney;7958.307;6860;2.238173;2
custom;4581.909;4471;1.339416;1
generated;6840.998;5984;1.947798;2
GraphIII_8192B_C=30_2018-10-03:21:20:24/
cheney;12599.8;8052;3.559543;2
custom;6720.72;4890;1.983547;2
generated;5949.259;5412;1.685155;2
GraphIII_8192B_C=31_2018-10-03:21:20:34/
cheney;10860.45;6804;3.089869;2
custom;5754.308;3900;1.679487;1
generated;6208.683;5562;1.77451;2
GraphIII_8192B_C=3_2018-10-03:21:16:23/
cheney;12135.77;8264;3.378069;2
custom;5405.078;3934;1.648452;1
generated;5640.874;5286;1.603928;2
GraphIII_8192B_C=32_2018-10-03:21:20:43/
cheney;8625.12;7558;2.400657;2
custom;4695.761;4330;1.371324;1
generated;6845.764;5994;1.963875;2
GraphIII_8192B_C=33_2018-10-03:21:20:53/
cheney;10446.53;7056;2.947798;2
custom;5801.62;3968;1.742701;1
generated;6115.038;5478;1.743883;2
GraphIII_8192B_C=34_2018-10-03:21:21:03/
cheney;8686.458;6063;2.462418;2
custom;6486.958;4746;1.941284;2
generated;6131.81;5562;1.748366;2
GraphIII_8192B_C=35_2018-10-03:21:21:11/
cheney;7060.327;6431;1.982026;2
custom;5237.751;4034;1.533821;1
generated;6514.967;5617;1.856209;2
GraphIII_8192B_C=36_2018-10-03:21:21:21/
cheney;11521.09;8042;3.286645;2
custom;4962.335;3842;1.622951;1
generated;6128.078;5460;1.741042;2
GraphIII_8192B_C=37_2018-10-03:21:21:31/
cheney;13214.8;8892;3.742671;3
custom;4481.412;3638;1.341241;1
generated;5669.384;5355;1.64658;2
GraphIII_8192B_C=38_2018-10-03:21:21:39/
cheney;8042.534;6042;2.267101;2
custom;4558.784;4356;1.32967;1
generated;6751.616;5866;1.869707;2
GraphIII_8192B_C=39_2018-10-03:21:21:49/
cheney;10600.21;6656;3.032573;2
custom;6597.828;4222;1.952294;1
generated;6130.388;5531;1.757329;2
GraphIII_8192B_C=40_2018-10-03:21:21:59/
cheney;10356.93;7290;2.939837;2
custom;5630.608;3916;1.695811;1
generated;5908.774;5424;1.697561;2
GraphIII_8192B_C=41_2018-10-03:21:22:08/
cheney;6901.802;6306;1.943089;2
custom;4876.525;3940;1.420765;1
generated;6259.808;5520;1.756098;2
GraphIII_8192B_C=4_2018-10-03:21:16:32/
cheney;11779.9;8338;3.32137;2
custom;4122.036;3356;1.25;1
generated;5863.654;5344;1.688418;2
GraphIII_8192B_C=42_2018-10-03:21:22:17/
cheney;12724.83;8471;3.57541;2
custom;5780.583;4140;1.717431;1
generated;5956.426;5437;1.691803;2
GraphIII_8192B_C=43_2018-10-03:21:22:28/
cheney;12184.5;8088;3.469821;2
custom;5248.343;3851;1.556569;1
generated;6177.801;5492;1.761827;2
GraphIII_8192B_C=44_2018-10-03:21:22:38/
cheney;9816.239;6847;2.811475;2
custom;5906.322;3941;1.787546;1
generated;5917.066;5416;1.680328;2
GraphIII_8192B_C=45_2018-10-03:21:22:48/
cheney;11602.65;7836;3.285481;2
custom;6373.053;4104;1.91439;1
generated;6041.742;5498;1.742251;2
GraphIII_8192B_C=46_2018-10-03:21:22:56/
cheney;7150.583;6777;2.017915;2
custom;4197.414;3308;1.228938;1
generated;6742.404;5856;1.884365;2
GraphIII_8192B_C=47_2018-10-03:21:23:06/
cheney;9241.451;6410;2.608766;2
custom;6048.42;4150;1.737226;1
generated;6024.766;5509;1.688312;2
GraphIII_8192B_C=48_2018-10-03:21:23:16/
cheney;9343.59;6297;2.637705;2
custom;5231.108;3618;1.53578;1
generated;6032.197;5541;1.734426;2
GraphIII_8192B_C=49_2018-10-03:21:23:24/
cheney;8619.759;7288;2.461664;2
custom;5099.672;4462;1.495446;1
generated;6844.32;5900;1.907015;2
GraphIII_8192B_C=50_2018-10-03:21:23:34/
cheney;12737.35;8916;3.598374;3
custom;4683.571;3610;1.418182;1
generated;6007.993;5464;1.697561;2
GraphIII_8192B_C=51_2018-10-03:21:23:44/
cheney;13955.68;10026;3.942623;3
custom;5310.91;3812;1.608775;1
generated;5675.039;5349;1.619672;2
GraphIII_8192B_C=5_2018-10-03:21:16:41/
cheney;7346.221;6534;2.123967;2
custom;5906.679;4152;1.756458;1
generated;6299.253;5668;1.834711;2
GraphIII_8192B_C=52_2018-10-03:21:23:52/
cheney;7071.316;6133;1.983713;2
custom;3884.442;3155;1.124088;1
generated;6710.922;5796;1.890879;2
GraphIII_8192B_C=53_2018-10-03:21:24:02/
cheney;14639.17;10207;4.123779;3
custom;4750.142;3701;1.432482;1
generated;6054.596;5512;1.684039;2
GraphIII_8192B_C=54_2018-10-03:21:24:12/
cheney;11260.47;7400;3.182114;2
custom;6000.201;4024;1.771898;1
generated;6399.106;5404;1.801626;2
GraphIII_8192B_C=55_2018-10-03:21:24:20/
cheney;7932.881;6324;2.230016;2
custom;4544.355;4506;1.285192;1
generated;7058.845;6850;1.95106;2
GraphIII_8192B_C=56_2018-10-03:21:24:30/
cheney;12859.16;8388;3.671521;2
custom;5542.645;4016;1.690346;1
generated;6054.647;5475;1.708738;2
GraphIII_8192B_C=57_2018-10-03:21:24:39/
cheney;11886.69;8038;3.368679;2
custom;5013.982;3801;1.503663;1
generated;5854.659;5348;1.646003;2
GraphIII_8192B_C=58_2018-10-03:21:24:47/
cheney;6914.235;6231;1.912052;2
custom;5566.457;4174;1.627057;1
generated;7005.593;5623;1.970684;2
GraphIII_8192B_C=59_2018-10-03:21:24:58/
cheney;10516.49;7518;2.97054;2
custom;5546.357;3809;1.641544;1
generated;5931.791;5402;1.680851;2
GraphIII_8192B_C=60_2018-10-03:21:25:08/
cheney;6198.026;5774;1.787234;2
custom;7197.696;4457;2.07326;1
generated;6348.979;5568;1.854337;2
GraphIII_8192B_C=61_2018-10-03:21:25:17/
cheney;8299.915;7426;2.338211;2
custom;5502.431;4614;1.596715;1
generated;8309.044;7136;2.336585;2
GraphIII_8192B_C=6_2018-10-03:21:16:49/
cheney;8936.834;6419;2.550489;2
custom;4699.004;4507;1.375912;1
generated;6689.013;5874;1.87785;2
GraphIII_8192B_C=62_2018-10-03:21:25:27/
cheney;10019.87;6512;2.837925;2
custom;4818.679;3916;1.442831;1
generated;6072.499;5528;1.735818;2
GraphIII_8192B_C=63_2018-10-03:21:25:37/
cheney;8863.121;6657;2.526059;2
custom;6054.663;3674;1.781421;1
generated;5820.205;5384;1.684039;2
GraphIII_8192B_C=64_2018-10-03:21:25:45/
cheney;8521.092;6427;2.448845;2
custom;5372.982;4450;1.577206;1
generated;6731.964;5803;1.932343;2
GraphIII_8192B_C=65_2018-10-03:21:25:55/
cheney;12011.55;7826;3.402936;2
custom;4777.304;3592;1.459016;1
generated;6250.251;5360;1.768352;2
GraphIII_8192B_C=66_2018-10-03:21:26:06/
cheney;8457.99;6373;2.441368;2
custom;5024.961;3588;1.493578;1
generated;6330.928;5628;1.843648;2
GraphIII_8192B_C=67_2018-10-03:21:26:14/
cheney;8889.964;6838;2.509901;2
custom;6123.68;4864;1.810313;1
generated;6647.36;5755;1.854785;2
GraphIII_8192B_C=68_2018-10-03:21:26:25/
cheney;12683.18;8704;3.580065;2
custom;5324.395;3906;1.595978;1
generated;6059.333;5443;1.745098;2
GraphIII_8192B_C=69_2018-10-03:21:26:34/
cheney;6546.279;6060;1.878247;2
custom;5856.444;3700;1.663024;1
generated;6071.088;5541;1.737013;2
GraphIII_8192B_C=70_2018-10-03:21:26:43/
cheney;8960.853;6647;2.522801;2
custom;5298.891;4541;1.54;1
generated;6498.293;5628;1.851792;2
GraphIII_8192B_C=71_2018-10-03:21:26:53/
cheney;9007.8;6344;2.540098;2
custom;5932.881;3868;1.777982;1
generated;5986.399;5442;1.731588;2
GraphIII_8192B_C=7_2018-10-03:21:16:58/
cheney;8204.098;7106;2.355155;2
custom;6635.886;4294;1.701657;1
generated;6088.589;5562;1.751227;2
GraphIII_8192B_C=72_2018-10-03:21:27:01/
cheney;8400.383;5986;2.368249;2
custom;5455.978;4566;1.585321;1
generated;6844.298;6102;1.93126;2
GraphIII_8192B_C=73_2018-10-03:21:27:10/
cheney;12668.41;9640;3.618658;3
custom;4368.118;3616;1.329044;1
generated;5943.296;5498;1.708674;2
GraphIII_8192B_C=74_2018-10-03:21:27:19/
cheney;8220.807;7169;2.320261;2
custom;4560.586;3536;1.307692;1
generated;6486.83;5692;1.79085;2
GraphIII_8192B_C=75_2018-10-03:21:27:28/
cheney;9124.862;7134;2.591572;2
custom;5720.51;4698;1.692168;1
generated;5766.93;5356;1.659643;2
GraphIII_8192B_C=8_2018-10-03:21:17:06/
cheney;6912.911;6303;1.988525;2
custom;4639.397;3460;1.358456;1
generated;6599.918;5782;1.888525;2
GraphIII_8192B_C=9_2018-10-03:21:17:15/
cheney;7713.061;6276;2.225859;2
custom;4510.593;3933;1.384615;1
generated;5825.034;5374;1.653028;2
GraphIV_1048576B_2018-10-03:21:32:01/
cheney;362021.8;357721;98.24677;97
custom;79803.16;76831;21.99107;21
generated;291863.5;287527;79.27258;78
GraphIV_131072B_2018-10-03:21:28:39/
cheney;53262.03;46752;14.55878;13
custom;12552.05;9798;3.544643;3
generated;41042.96;38428;11.23671;11
GraphIV_16384B_2018-10-03:21:27:47/
cheney;12639.39;8940;3.5584;3
custom;4824.699;3886;1.396057;1
generated;8470.669;7786;2.4032;2
GraphIV_2097152B_2018-10-03:21:35:33/
cheney;722490.4;715973;195.7629;194
custom;153476.3;151244;41.93571;41
generated;581876.7;575329;157.7371;156
GraphIV_262144B_2018-10-03:21:29:13/
cheney;96884.95;93158;26.38449;25
custom;21101.06;18453;5.910714;5
generated;74755.23;72294;20.40872;20
GraphIV_32768B_2018-10-03:21:27:58/
cheney;16254.31;14104;4.484653;4
custom;6697.925;5682;1.919499;2
generated;14196.29;12392;3.970921;4
GraphIV_4194304B_2018-10-03:21:42:17/
cheney;1467945;1441701;397.6274;391
custom;302073.5;296365;82.31964;81
generated;1167123;1152729;316.2097;312
GraphIV_524288B_2018-10-03:21:30:12/
cheney;180656.2;177054;49.15645;48
custom;39813.67;37463;11.11429;11
generated;150079;145946;40.88226;40
GraphIV_65536B_2018-10-03:21:28:16/
cheney;28171.22;24696;7.762903;7
custom;9012.516;6554;2.625448;2
generated;21780.19;20418;6.033871;6
GraphIV_8192B_2018-10-03:21:27:37/
cheney;10496.62;7588;2.985342;2
custom;5341.21;4478;1.572212;1
generated;6347.925;5674;1.802932;2
GraphIV_8388608B_2018-10-03:21:53:23/
cheney;3049450;2901631;825.0952;785.5
custom;617105.4;591746;167.7143;161
generated;2461315;2328294;666.3968;631
